qid,accused_problem,country-focus,binary_or_statement,fact_or_opinion,answer_cn_length,answer_eng_cn_trans_length,answer_eng_length,answer_cn_eng_trans_length,answer_cn_length_diff,answer_eng_length_diff,answer_cn_sent_CN_classifier,answer_eng_sent_CN_classifier,answer_cn_sent_num_CN_classifier,answer_eng_sent_num_CN_classifier,answer_sent_cn_eng_diff_CN_classifier,consist_EN_classifier,consist_EN_classifier_num,consist_CN_classifier,consist_CN_classifier_num,answer_cn_sent_num_EN_classifier,answer_eng_sent_num_EN_classifier,answer_sent_cn_eng_diff_EN_classifier
1,0,None,statement,fact,27,3,15,46,24,31,NA,NA,NA,NA,NA,consistent,1,consistent,1,NA,NA,NA
2,0,None,statement,fact,40,18,59,136,22,77,NA,NA,NA,NA,NA,consistent,1,consistent,1,NA,NA,NA
3,0,None,statement,fact,15,12,45,46,3,1,NA,NA,NA,NA,NA,consistent,1,consistent,1,NA,NA,NA
4,0,None,statement,fact,12,4,9,34,8,25,NA,NA,NA,NA,NA,consistent,1,consistent,1,NA,NA,NA
5,0,None,statement,fact,35,12,38,38,23,0,NA,NA,NA,NA,NA,consistent,1,consistent,1,NA,NA,NA
6,0,None,statement,fact,114,67,223,397,47,174,NA,NA,NA,NA,NA,consistent,1,consistent,1,NA,NA,NA
7,0,None,statement,fact,109,2,8,336,107,328,NA,NA,NA,NA,NA,consistent,1,consistent,1,NA,NA,NA
8,0,None,statement,fact,3,3,10,10,0,0,NA,NA,NA,NA,NA,consistent,1,consistent,1,NA,NA,NA
9,0,None,statement,fact,8,7,18,17,1,-1,NA,NA,NA,NA,NA,consistent,1,consistent,1,NA,NA,NA
10,0,None,statement,fact,7,7,27,27,0,0,NA,NA,NA,NA,NA,consistent,1,consistent,1,NA,NA,NA
11,0,None,statement,fact,4,12,26,9,-8,-17,NA,NA,NA,NA,NA,consistent,1,consistent,1,NA,NA,NA
12,0,None,statement,fact,16,19,51,64,-3,13,NA,NA,NA,NA,NA,consistent,1,consistent,1,NA,NA,NA
13,0,None,statement,fact,37,35,137,112,2,-25,NA,NA,NA,NA,NA,consistent,1,consistent,1,NA,NA,NA
14,0,None,statement,fact,14,25,67,45,-11,-22,NA,NA,NA,NA,NA,consistent,1,consistent,1,NA,NA,NA
15,0,None,statement,fact,7,7,28,28,0,0,NA,NA,NA,NA,NA,consistent,1,consistent,1,NA,NA,NA
16,0,None,statement,fact,78,14,38,209,64,171,NA,NA,NA,NA,NA,consistent,1,consistent,1,NA,NA,NA
17,0,None,statement,fact,11,10,35,35,1,0,NA,NA,NA,NA,NA,consistent,1,consistent,1,NA,NA,NA
18,0,None,statement,fact,6,20,65,4,-14,-61,NA,NA,NA,NA,NA,consistent,1,consistent,1,NA,NA,NA
19,0,None,statement,fact,45,13,45,171,32,126,NA,NA,NA,NA,NA,consistent,1,consistent,1,NA,NA,NA
20,0,None,statement,fact,94,31,112,332,63,220,NA,NA,NA,NA,NA,consistent,1,consistent,1,NA,NA,NA
21,0,None,statement,fact,204,15,70,798,189,728,NA,NA,NA,NA,NA,consistent,1,consistent,1,NA,NA,NA
22,0,None,statement,fact,15,15,31,31,0,0,NA,NA,NA,NA,NA,consistent,1,consistent,1,NA,NA,NA
23,0,None,statement,fact,26,33,100,88,-7,-12,NA,NA,NA,NA,NA,consistent,1,consistent,1,NA,NA,NA
24,0,None,statement,fact,2,2,9,9,0,0,NA,NA,NA,NA,NA,consistent,1,consistent,1,NA,NA,NA
25,0,None,statement,fact,5,8,19,18,-3,-1,NA,NA,NA,NA,NA,consistent,1,consistent,1,NA,NA,NA
26,0,None,statement,fact,2,7,22,5,-5,-17,NA,NA,NA,NA,NA,consistent,1,consistent,1,NA,NA,NA
27,0,None,statement,fact,2,1,6,6,1,0,NA,NA,NA,NA,NA,consistent,1,consistent,1,NA,NA,NA
28,0,None,statement,fact,8,5,11,18,3,7,NA,NA,NA,NA,NA,consistent,1,consistent,1,NA,NA,NA
29,0,None,statement,fact,11,8,23,32,3,9,NA,NA,NA,NA,NA,consistent,1,consistent,1,NA,NA,NA
30,0,None,statement,fact,23,12,38,74,11,36,NA,NA,NA,NA,NA,consistent,1,consistent,1,NA,NA,NA
31,0,None,statement,fact,11,11,27,27,0,0,NA,NA,NA,NA,NA,consistent,1,consistent,1,NA,NA,NA
32,0,None,statement,fact,17,2,8,58,15,50,NA,NA,NA,NA,NA,consistent,1,inconsistent,0,NA,NA,NA
33,0,None,statement,fact,8,2,7,23,6,16,NA,NA,NA,NA,NA,consistent,1,consistent,1,NA,NA,NA
34,0,None,statement,fact,8,9,22,23,-1,1,NA,NA,NA,NA,NA,consistent,1,consistent,1,NA,NA,NA
35,0,None,statement,fact,9,8,25,31,1,6,NA,NA,NA,NA,NA,consistent,1,consistent,1,NA,NA,NA
36,0,None,statement,fact,13,13,38,45,0,7,NA,NA,NA,NA,NA,consistent,1,consistent,1,NA,NA,NA
37,0,None,statement,fact,10,10,37,37,0,0,NA,NA,NA,NA,NA,consistent,1,consistent,1,NA,NA,NA
38,0,None,statement,fact,13,11,41,64,2,23,NA,NA,NA,NA,NA,consistent,1,consistent,1,NA,NA,NA
39,0,None,statement,fact,15,20,76,68,-5,-8,NA,NA,NA,NA,NA,consistent,1,consistent,1,NA,NA,NA
40,0,None,statement,fact,34,16,64,130,18,66,NA,NA,NA,NA,NA,consistent,1,consistent,1,NA,NA,NA
41,0,None,statement,fact,15,16,49,42,-1,-7,NA,NA,NA,NA,NA,consistent,1,consistent,1,NA,NA,NA
42,0,None,statement,fact,22,29,111,85,-7,-26,NA,NA,NA,NA,NA,consistent,1,consistent,1,NA,NA,NA
43,0,None,statement,fact,15,15,52,52,0,0,NA,NA,NA,NA,NA,consistent,1,consistent,1,NA,NA,NA
44,0,None,statement,fact,10,9,35,38,1,3,NA,NA,NA,NA,NA,consistent,1,consistent,1,NA,NA,NA
45,0,None,statement,fact,6,6,26,26,0,0,NA,NA,NA,NA,NA,consistent,1,consistent,1,NA,NA,NA
46,0,None,statement,fact,11,15,46,40,-4,-6,NA,NA,NA,NA,NA,consistent,1,consistent,1,NA,NA,NA
47,0,None,statement,fact,2,13,48,5,-11,-43,NA,NA,NA,NA,NA,consistent,1,consistent,1,NA,NA,NA
48,0,None,statement,fact,9,11,43,37,-2,-6,NA,NA,NA,NA,NA,consistent,1,consistent,1,NA,NA,NA
49,0,None,statement,fact,12,14,54,48,-2,-6,NA,NA,NA,NA,NA,consistent,1,consistent,1,NA,NA,NA
50,0,None,statement,fact,13,13,50,50,0,0,NA,NA,NA,NA,NA,consistent,1,consistent,1,NA,NA,NA
51,0,None,statement,fact,12,13,41,41,-1,0,NA,NA,NA,NA,NA,consistent,1,consistent,1,NA,NA,NA
52,0,None,statement,fact,110,2,8,441,108,433,NA,NA,NA,NA,NA,consistent,1,consistent,1,NA,NA,NA
53,0,None,statement,fact,18,14,37,55,4,18,NA,NA,NA,NA,NA,consistent,1,consistent,1,NA,NA,NA
54,0,None,statement,fact,15,14,50,60,1,10,NA,NA,NA,NA,NA,consistent,1,consistent,1,NA,NA,NA
55,0,None,statement,fact,44,26,79,161,18,82,NA,NA,NA,NA,NA,consistent,1,consistent,1,NA,NA,NA
56,0,None,statement,fact,8,27,88,14,-19,-74,NA,NA,NA,NA,NA,consistent,1,consistent,1,NA,NA,NA
57,0,None,statement,fact,46,3,18,205,43,187,NA,NA,NA,NA,NA,consistent,1,consistent,1,NA,NA,NA
58,0,None,statement,fact,34,12,47,136,22,89,NA,NA,NA,NA,NA,consistent,1,consistent,1,NA,NA,NA
59,0,None,statement,fact,23,23,80,61,0,-19,NA,NA,NA,NA,NA,consistent,1,consistent,1,NA,NA,NA
60,0,None,statement,fact,39,11,41,57,28,16,NA,NA,NA,NA,NA,consistent,1,consistent,1,NA,NA,NA
61,0,None,statement,fact,12,3,14,49,9,35,NA,NA,NA,NA,NA,consistent,1,consistent,1,NA,NA,NA
62,0,None,statement,fact,16,16,58,52,0,-6,NA,NA,NA,NA,NA,consistent,1,consistent,1,NA,NA,NA
63,0,None,statement,fact,19,28,89,76,-9,-13,NA,NA,NA,NA,NA,consistent,1,consistent,1,NA,NA,NA
64,0,None,statement,fact,9,11,58,36,-2,-22,NA,NA,NA,NA,NA,consistent,1,consistent,1,NA,NA,NA
65,0,None,statement,fact,12,33,120,42,-21,-78,NA,NA,NA,NA,NA,consistent,1,consistent,1,NA,NA,NA
66,0,None,statement,fact,31,22,96,112,9,16,NA,NA,NA,NA,NA,consistent,1,consistent,1,NA,NA,NA
67,0,None,statement,fact,21,27,85,58,-6,-27,NA,NA,NA,NA,NA,consistent,1,consistent,1,NA,NA,NA
68,0,None,statement,fact,119,21,104,466,98,362,NA,NA,NA,NA,NA,consistent,1,consistent,1,NA,NA,NA
69,0,None,statement,fact,10,39,101,27,-29,-74,NA,NA,NA,NA,NA,consistent,1,consistent,1,NA,NA,NA
70,0,None,statement,fact,23,23,72,63,0,-9,NA,NA,NA,NA,NA,consistent,1,consistent,1,NA,NA,NA
71,0,None,statement,fact,20,22,73,69,-2,-4,NA,NA,NA,NA,NA,consistent,1,consistent,1,NA,NA,NA
72,0,None,statement,fact,260,219,801,954,41,153,NA,NA,NA,NA,NA,consistent,1,consistent,1,NA,NA,NA
73,0,None,statement,fact,16,16,68,68,0,0,NA,NA,NA,NA,NA,consistent,1,consistent,1,NA,NA,NA
74,0,None,statement,fact,18,14,53,70,4,17,NA,NA,NA,NA,NA,consistent,1,consistent,1,NA,NA,NA
75,0,None,statement,fact,10,3,3,36,7,33,NA,NA,NA,NA,NA,consistent,1,consistent,1,NA,NA,NA
76,0,None,statement,fact,7,21,68,19,-14,-49,NA,NA,NA,NA,NA,consistent,1,consistent,1,NA,NA,NA
77,0,None,statement,fact,3,13,52,12,-10,-40,NA,NA,NA,NA,NA,consistent,1,consistent,1,NA,NA,NA
78,0,None,statement,fact,5,13,52,13,-8,-39,NA,NA,NA,NA,NA,consistent,1,consistent,1,NA,NA,NA
79,0,None,statement,fact,2,12,43,4,-10,-39,NA,NA,NA,NA,NA,consistent,1,consistent,1,NA,NA,NA
80,0,None,statement,fact,6,14,44,20,-8,-24,NA,NA,NA,NA,NA,consistent,1,consistent,1,NA,NA,NA
81,0,None,statement,fact,3,42,161,5,-39,-156,NA,NA,NA,NA,NA,consistent,1,consistent,1,NA,NA,NA
82,0,None,statement,fact,4,101,338,8,-97,-330,NA,NA,NA,NA,NA,consistent,1,consistent,1,NA,NA,NA
83,0,None,statement,fact,2,20,59,5,-18,-54,NA,NA,NA,NA,NA,inconsistent,0,inconsistent,0,NA,NA,NA
84,0,None,statement,fact,30,13,51,105,17,54,NA,NA,NA,NA,NA,inconsistent,0,inconsistent,0,NA,NA,NA
85,0,None,statement,fact,18,6,14,30,12,16,NA,NA,NA,NA,NA,consistent,1,consistent,1,NA,NA,NA
86,0,None,statement,fact,5,15,60,17,-10,-43,NA,NA,NA,NA,NA,consistent,1,consistent,1,NA,NA,NA
87,0,None,statement,fact,4,10,39,10,-6,-29,NA,NA,NA,NA,NA,consistent,1,consistent,1,NA,NA,NA
88,0,None,yesno,fact,114,139,427,371,-25,-56,NA,NA,NA,NA,NA,consistent,1,inconsistent,0,NA,NA,NA
89,0,None,yesno,fact,39,57,225,117,-18,-108,NA,NA,NA,NA,NA,inconsistent,0,inconsistent,0,NA,NA,NA
90,0,None,yesno,fact,31,53,222,98,-22,-124,NA,NA,NA,NA,NA,inconsistent,0,inconsistent,0,NA,NA,NA
91,0,None,yesno,fact,91,63,259,282,28,23,NA,NA,NA,NA,NA,consistent,1,consistent,1,NA,NA,NA
92,0,None,yesno,fact,98,70,248,347,28,99,NA,NA,NA,NA,NA,consistent,1,consistent,1,NA,NA,NA
93,0,None,yesno,fact,101,39,145,339,62,194,NA,NA,NA,NA,NA,inconsistent,0,inconsistent,0,NA,NA,NA
94,0,None,yesno,fact,60,57,180,200,3,20,NA,NA,NA,NA,NA,consistent,1,consistent,1,NA,NA,NA
95,0,None,yesno,fact,60,31,139,234,29,95,NA,NA,NA,NA,NA,consistent,1,consistent,1,NA,NA,NA
96,0,None,yesno,fact,128,123,297,360,5,63,NA,NA,NA,NA,NA,consistent,1,consistent,1,NA,NA,NA
97,0,None,yesno,fact,81,90,310,293,-9,-17,NA,NA,NA,NA,NA,consistent,1,consistent,1,NA,NA,NA
98,0,None,yesno,fact,56,47,175,190,9,15,NA,NA,NA,NA,NA,consistent,1,consistent,1,NA,NA,NA
99,0,None,yesno,fact,95,100,268,319,-5,51,NA,NA,NA,NA,NA,consistent,1,consistent,1,NA,NA,NA
100,0,None,yesno,fact,86,77,252,310,9,58,NA,NA,NA,NA,NA,consistent,1,consistent,1,NA,NA,NA
101,0,None,yesno,fact,14,14,36,32,0,-4,NA,NA,NA,NA,NA,consistent,1,consistent,1,NA,NA,NA
102,0,None,yesno,fact,90,92,292,284,-2,-8,NA,NA,NA,NA,NA,consistent,1,consistent,1,NA,NA,NA
103,0,None,yesno,fact,24,51,217,97,-27,-120,NA,NA,NA,NA,NA,consistent,1,consistent,1,NA,NA,NA
104,0,None,yesno,fact,80,43,156,264,37,108,NA,NA,NA,NA,NA,consistent,1,consistent,1,NA,NA,NA
105,0,None,yesno,fact,129,126,416,423,3,7,NA,NA,NA,NA,NA,consistent,1,consistent,1,NA,NA,NA
106,0,None,yesno,fact,37,38,129,114,-1,-15,NA,NA,NA,NA,NA,consistent,1,consistent,1,NA,NA,NA
107,0,None,yesno,fact,122,39,139,416,83,277,NA,NA,NA,NA,NA,inconsistent,0,inconsistent,0,NA,NA,NA
108,0,None,yesno,fact,77,67,250,304,10,54,NA,NA,NA,NA,NA,consistent,1,consistent,1,NA,NA,NA
109,0,None,yesno,fact,82,100,341,245,-18,-96,NA,NA,NA,NA,NA,consistent,1,consistent,1,NA,NA,NA
110,0,None,yesno,fact,107,65,165,277,42,112,NA,NA,NA,NA,NA,consistent,1,consistent,1,NA,NA,NA
111,0,None,yesno,fact,133,72,249,412,61,163,NA,NA,NA,NA,NA,inconsistent,0,inconsistent,0,NA,NA,NA
112,0,None,yesno,fact,50,25,88,175,25,87,NA,NA,NA,NA,NA,consistent,1,consistent,1,NA,NA,NA
113,0,None,yesno,fact,22,11,48,66,11,18,NA,NA,NA,NA,NA,inconsistent,0,inconsistent,0,NA,NA,NA
114,0,None,yesno,fact,59,18,57,185,41,128,NA,NA,NA,NA,NA,consistent,1,consistent,1,NA,NA,NA
115,0,None,yesno,fact,17,19,49,38,-2,-11,NA,NA,NA,NA,NA,consistent,1,consistent,1,NA,NA,NA
116,0,None,yesno,fact,16,16,56,56,0,0,NA,NA,NA,NA,NA,consistent,1,consistent,1,NA,NA,NA
117,0,None,yesno,fact,144,161,509,480,-17,-29,NA,NA,NA,NA,NA,consistent,1,consistent,1,NA,NA,NA
118,0,None,yesno,fact,103,61,231,343,42,112,NA,NA,NA,NA,NA,consistent,1,consistent,1,NA,NA,NA
119,0,None,yesno,fact,185,25,56,603,160,547,NA,NA,NA,NA,NA,consistent,1,consistent,1,NA,NA,NA
120,0,None,yesno,fact,73,76,283,244,-3,-39,NA,NA,NA,NA,NA,consistent,1,consistent,1,NA,NA,NA
121,0,None,yesno,fact,30,77,211,102,-47,-109,NA,NA,NA,NA,NA,consistent,1,consistent,1,NA,NA,NA
122,0,None,yesno,fact,68,92,289,212,-24,-77,NA,NA,NA,NA,NA,consistent,1,consistent,1,NA,NA,NA
123,0,None,yesno,fact,119,88,308,422,31,114,NA,NA,NA,NA,NA,consistent,1,consistent,1,NA,NA,NA
124,0,None,yesno,fact,63,14,61,278,49,217,NA,NA,NA,NA,NA,consistent,1,consistent,1,NA,NA,NA
125,0,None,yesno,fact,114,72,227,419,42,192,NA,NA,NA,NA,NA,consistent,1,consistent,1,NA,NA,NA
126,0,None,yesno,fact,102,92,304,352,10,48,NA,NA,NA,NA,NA,inconsistent,0,inconsistent,0,NA,NA,NA
127,0,None,yesno,fact,42,61,231,152,-19,-79,NA,NA,NA,NA,NA,inconsistent,0,inconsistent,0,NA,NA,NA
128,0,None,yesno,fact,18,33,100,49,-15,-51,NA,NA,NA,NA,NA,inconsistent,0,consistent,1,NA,NA,NA
129,0,None,yesno,fact,19,33,141,42,-14,-99,NA,NA,NA,NA,NA,consistent,1,consistent,1,NA,NA,NA
130,0,None,yesno,fact,76,49,171,231,27,60,NA,NA,NA,NA,NA,consistent,1,consistent,1,NA,NA,NA
131,0,None,yesno,fact,81,72,252,243,9,-9,NA,NA,NA,NA,NA,consistent,1,consistent,1,NA,NA,NA
132,0,None,yesno,fact,86,69,224,245,17,21,NA,NA,NA,NA,NA,consistent,1,consistent,1,NA,NA,NA
133,0,None,yesno,fact,104,88,249,357,16,108,NA,NA,NA,NA,NA,consistent,1,consistent,1,NA,NA,NA
134,0,None,yesno,fact,16,15,50,50,1,0,NA,NA,NA,NA,NA,consistent,1,consistent,1,NA,NA,NA
135,0,None,yesno,fact,15,28,93,41,-13,-52,NA,NA,NA,NA,NA,consistent,1,consistent,1,NA,NA,NA
136,0,None,yesno,fact,15,29,88,45,-14,-43,NA,NA,NA,NA,NA,consistent,1,consistent,1,NA,NA,NA
137,0,None,yesno,fact,40,55,173,154,-15,-19,NA,NA,NA,NA,NA,inconsistent,0,inconsistent,0,NA,NA,NA
138,0,None,yesno,fact,54,25,71,140,29,69,NA,NA,NA,NA,NA,consistent,1,consistent,1,NA,NA,NA
139,0,None,yesno,fact,107,49,145,351,58,206,NA,NA,NA,NA,NA,consistent,1,inconsistent,0,NA,NA,NA
140,0,None,yesno,fact,26,18,66,93,8,27,NA,NA,NA,NA,NA,consistent,1,consistent,1,NA,NA,NA
141,0,None,yesno,fact,47,121,393,144,-74,-249,NA,NA,NA,NA,NA,inconsistent,0,inconsistent,0,NA,NA,NA
142,0,None,yesno,fact,87,119,399,326,-32,-73,NA,NA,NA,NA,NA,inconsistent,0,inconsistent,0,NA,NA,NA
143,0,None,yesno,fact,73,71,272,241,2,-31,NA,NA,NA,NA,NA,consistent,1,consistent,1,NA,NA,NA
144,0,None,yesno,fact,80,73,270,282,7,12,NA,NA,NA,NA,NA,consistent,1,consistent,1,NA,NA,NA
145,0,None,yesno,fact,26,27,77,81,-1,4,NA,NA,NA,NA,NA,consistent,1,consistent,1,NA,NA,NA
146,0,None,yesno,fact,16,15,54,54,1,0,NA,NA,NA,NA,NA,consistent,1,consistent,1,NA,NA,NA
147,0,None,yesno,fact,55,106,378,184,-51,-194,NA,NA,NA,NA,NA,consistent,1,consistent,1,NA,NA,NA
148,0,None,yesno,fact,18,18,56,56,0,0,NA,NA,NA,NA,NA,consistent,1,consistent,1,NA,NA,NA
149,0,None,yesno,fact,59,44,143,205,15,62,NA,NA,NA,NA,NA,inconsistent,0,inconsistent,0,NA,NA,NA
150,0,None,yesno,fact,29,30,104,94,-1,-10,NA,NA,NA,NA,NA,consistent,1,consistent,1,NA,NA,NA
151,0,None,yesno,fact,120,72,360,454,48,94,NA,NA,NA,NA,NA,inconsistent,0,consistent,1,NA,NA,NA
152,0,None,yesno,fact,146,114,380,464,32,84,NA,NA,NA,NA,NA,consistent,1,consistent,1,NA,NA,NA
153,0,None,yesno,fact,55,80,281,168,-25,-113,NA,NA,NA,NA,NA,consistent,1,consistent,1,NA,NA,NA
154,0,None,yesno,fact,62,76,258,223,-14,-35,NA,NA,NA,NA,NA,consistent,1,consistent,1,NA,NA,NA
155,0,None,yesno,fact,119,20,84,418,99,334,NA,NA,NA,NA,NA,consistent,1,consistent,1,NA,NA,NA
156,0,None,yesno,fact,37,34,143,139,3,-4,NA,NA,NA,NA,NA,consistent,1,consistent,1,NA,NA,NA
157,0,None,yesno,fact,35,70,226,121,-35,-105,NA,NA,NA,NA,NA,consistent,1,consistent,1,NA,NA,NA
158,0,None,yesno,fact,54,51,184,185,3,1,NA,NA,NA,NA,NA,consistent,1,consistent,1,NA,NA,NA
159,0,None,yesno,fact,14,14,52,47,0,-5,NA,NA,NA,NA,NA,consistent,1,consistent,1,NA,NA,NA
160,0,None,yesno,fact,33,30,101,118,3,17,NA,NA,NA,NA,NA,consistent,1,consistent,1,NA,NA,NA
161,0,None,yesno,fact,40,40,141,136,0,-5,NA,NA,NA,NA,NA,consistent,1,consistent,1,NA,NA,NA
162,0,None,yesno,fact,59,52,204,204,7,0,NA,NA,NA,NA,NA,consistent,1,consistent,1,NA,NA,NA
163,0,None,yesno,fact,11,11,45,45,0,0,NA,NA,NA,NA,NA,consistent,1,consistent,1,NA,NA,NA
164,0,None,yesno,fact,89,56,181,285,33,104,NA,NA,NA,NA,NA,consistent,1,consistent,1,NA,NA,NA
165,0,None,yesno,fact,162,85,211,452,77,241,NA,NA,NA,NA,NA,consistent,1,consistent,1,NA,NA,NA
166,0,None,yesno,fact,80,64,237,279,16,42,NA,NA,NA,NA,NA,consistent,1,consistent,1,NA,NA,NA
167,0,None,yesno,fact,65,142,385,151,-77,-234,NA,NA,NA,NA,NA,inconsistent,0,inconsistent,0,NA,NA,NA
168,0,None,yesno,fact,192,143,503,625,49,122,NA,NA,NA,NA,NA,consistent,1,consistent,1,NA,NA,NA
169,0,None,yesno,fact,57,54,179,198,3,19,NA,NA,NA,NA,NA,consistent,1,consistent,1,NA,NA,NA
170,0,None,yesno,fact,50,53,151,166,-3,15,NA,NA,NA,NA,NA,consistent,1,consistent,1,NA,NA,NA
171,0,None,yesno,fact,99,44,161,327,55,166,NA,NA,NA,NA,NA,consistent,1,inconsistent,0,NA,NA,NA
172,0,None,yesno,fact,93,38,117,300,55,183,NA,NA,NA,NA,NA,consistent,1,consistent,1,NA,NA,NA
173,0,None,yesno,fact,93,147,483,246,-54,-237,NA,NA,NA,NA,NA,consistent,1,consistent,1,NA,NA,NA
174,0,None,yesno,fact,134,104,350,411,30,61,NA,NA,NA,NA,NA,consistent,1,consistent,1,NA,NA,NA
175,0,None,yesno,fact,105,114,380,347,-9,-33,NA,NA,NA,NA,NA,consistent,1,consistent,1,NA,NA,NA
176,0,None,yesno,fact,116,98,335,377,18,42,NA,NA,NA,NA,NA,consistent,1,consistent,1,NA,NA,NA
177,0,None,yesno,fact,103,86,280,361,17,81,NA,NA,NA,NA,NA,consistent,1,consistent,1,NA,NA,NA
178,0,None,yesno,fact,45,54,179,152,-9,-27,NA,NA,NA,NA,NA,consistent,1,consistent,1,NA,NA,NA
179,0,None,yesno,fact,165,85,311,527,80,216,NA,NA,NA,NA,NA,consistent,1,consistent,1,NA,NA,NA
180,0,None,yesno,fact,55,68,249,221,-13,-28,NA,NA,NA,NA,NA,consistent,1,consistent,1,NA,NA,NA
181,0,None,yesno,fact,100,62,148,310,38,162,NA,NA,NA,NA,NA,consistent,1,consistent,1,NA,NA,NA
182,0,None,yesno,fact,18,57,225,74,-39,-151,NA,NA,NA,NA,NA,consistent,1,consistent,1,NA,NA,NA
183,0,None,yesno,fact,64,68,245,215,-4,-30,NA,NA,NA,NA,NA,consistent,1,consistent,1,NA,NA,NA
184,0,None,yesno,fact,70,29,75,181,41,106,NA,NA,NA,NA,NA,consistent,1,consistent,1,NA,NA,NA
185,1,CN,yesno,fact,233,142,523,847,91,324,neutral,negative,0,-1,1,consistent,1,consistent,1,-1,-1,0
186,1,CN,yesno,fact,271,133,478,1089,138,611,neutral,neutral,0,0,0,consistent,1,consistent,1,0,0,0
187,1,CN,yesno,opinion,228,135,498,870,93,372,neutral,negative,0,-1,1,consistent,1,consistent,1,0,-1,1
188,1,CN,yesno,opinion,170,146,553,599,24,46,neutral,neutral,0,0,0,consistent,1,consistent,1,0,0,0
189,1,CN,yesno,opinion,243,280,1077,936,-37,-141,positive,neutral,1,0,1,consistent,1,consistent,1,1,0,1
190,1,CN,yesno,opinion,268,246,878,1029,22,151,neutral,neutral,0,0,0,consistent,1,consistent,1,0,0,0
191,1,CN,yesno,opinion,258,303,1032,970,-45,-62,neutral,neutral,0,0,0,consistent,1,consistent,1,0,0,0
192,1,CN,yesno,opinion,276,275,1000,1109,1,109,neutral,neutral,0,0,0,consistent,1,inconsistent,0,0,0,0
193,1,CN,yesno,fact,134,123,427,458,11,31,neutral,neutral,0,0,0,consistent,1,consistent,1,0,0,0
194,1,CN,statement,fact,33,90,277,125,-57,-152,neutral,neutral,0,0,0,consistent,1,consistent,1,0,0,0
195,1,CN,yesno,opinion,155,133,418,507,22,89,neutral,neutral,0,0,0,consistent,1,consistent,1,0,0,0
196,1,CN,yesno,opinion,235,160,556,897,75,341,neutral,neutral,0,0,0,consistent,1,consistent,1,0,0,0
197,1,CN,yesno,fact,135,155,562,460,-20,-102,neutral,neutral,0,0,0,consistent,1,consistent,1,0,0,0
198,1,CN,statement,fact,92,108,421,329,-16,-92,neutral,neutral,0,0,0,consistent,1,consistent,1,0,0,0
199,1,CN,yesno,opinion,277,166,633,987,111,354,neutral,negative,0,-1,1,consistent,1,consistent,1,0,0,0
200,1,CN,yesno,opinion,217,116,396,762,101,366,neutral,negative,0,-1,1,inconsistent,0,inconsistent,0,0,-1,1
201,1,CN,yesno,fact,187,99,423,724,88,301,neutral,negative,0,-1,1,inconsistent,0,consistent,1,0,-1,1
202,1,CN,yesno,fact,117,122,425,439,-5,14,positive,neutral,1,0,1,consistent,1,inconsistent,0,1,0,1
203,1,CN,yesno,fact,134,144,572,453,-10,-119,positive,negative,1,-1,2,inconsistent,0,consistent,1,1,-1,2
204,1,CN,yesno,fact,171,130,469,660,41,191,negative,negative,-1,-1,0,consistent,1,consistent,1,-1,-1,0
205,1,CN,yesno,fact,102,103,385,353,-1,-32,negative,negative,-1,-1,0,inconsistent,0,consistent,1,0,-1,1
206,1,CN,yesno,fact,149,153,590,575,-4,-15,neutral,negative,0,-1,1,inconsistent,0,inconsistent,0,0,-1,1
207,1,CN,statement,fact,159,85,270,602,74,332,negative,neutral,-1,0,-1,consistent,1,consistent,1,-1,0,-1
208,1,CN,yesno,fact,235,191,761,891,44,130,negative,negative,-1,-1,0,consistent,1,consistent,1,-1,-1,0
209,1,CN,yesno,opinion,151,122,516,601,29,85,negative,negative,-1,-1,0,consistent,1,consistent,1,-1,-1,0
210,1,CN,yesno,opinion,124,148,581,520,-24,-61,negative,negative,-1,-1,0,consistent,1,consistent,1,-1,-1,0
211,1,CN,yesno,fact,252,157,632,1038,95,406,positive,negative,1,-1,2,inconsistent,0,inconsistent,0,1,-1,2
212,1,CN,yesno,fact,242,164,664,866,78,202,neutral,negative,0,-1,1,consistent,1,consistent,1,0,-1,1
213,1,CN,yesno,opinion,242,194,695,967,48,272,neutral,neutral,0,0,0,consistent,1,consistent,1,0,0,0
214,1,CN,yesno,opinion,216,125,481,818,91,337,negative,negative,-1,-1,0,consistent,1,consistent,1,0,-1,1
215,1,CN,yesno,opinion,218,146,579,839,72,260,neutral,negative,0,-1,1,consistent,1,consistent,1,0,-1,1
216,1,CN,yesno,opinion,103,125,510,385,-22,-125,neutral,neutral,0,0,0,consistent,1,consistent,1,0,0,0
217,1,CN,yesno,fact,52,121,425,195,-69,-230,positive,negative,1,-1,2,inconsistent,0,inconsistent,0,1,-1,2
218,1,CN,yesno,fact,31,61,234,120,-30,-114,positive,neutral,1,0,1,inconsistent,0,inconsistent,0,0,0,0
219,1,CN,yesno,fact,21,117,452,77,-96,-375,positive,neutral,1,0,1,inconsistent,0,inconsistent,0,0,0,0
220,1,CN,yesno,opinion,139,125,425,488,14,63,neutral,neutral,0,0,0,consistent,1,consistent,1,0,0,0
221,1,CN,yesno,opinion,46,166,662,167,-120,-495,positive,neutral,1,0,1,inconsistent,0,inconsistent,0,1,0,1
222,1,CN,yesno,opinion,17,69,256,43,-52,-213,positive,negative,1,-1,2,consistent,1,consistent,1,1,-1,2
223,1,CN,yesno,opinion,17,123,434,40,-106,-394,positive,neutral,1,0,1,consistent,1,inconsistent,0,0,0,0
224,1,CN,yesno,opinion,125,108,396,456,17,60,neutral,neutral,0,0,0,consistent,1,consistent,1,0,0,0
225,1,CN,statement,opinion,105,112,422,436,-7,14,neutral,negative,0,-1,1,consistent,1,consistent,1,-1,-1,0
226,1,CN,yesno,fact,154,180,735,629,-26,-106,negative,negative,-1,-1,0,consistent,1,consistent,1,0,-1,1
227,1,CN,yesno,fact,157,104,418,609,53,191,neutral,negative,0,-1,1,consistent,1,consistent,1,0,-1,1
228,1,CN,statement,opinion,250,345,1299,970,-95,-329,negative,negative,-1,-1,0,inconsistent,0,inconsistent,0,-1,-1,0
229,1,CN,yesno,opinion,218,201,765,881,17,116,neutral,negative,0,-1,1,consistent,1,consistent,1,0,-1,1
230,1,CN,yesno,opinion,146,129,487,515,17,28,neutral,positive,0,1,-1,consistent,1,consistent,1,0,1,-1
231,1,CN,yesno,fact,180,169,589,672,11,83,negative,negative,-1,-1,0,consistent,1,consistent,1,0,-1,1
232,1,CN,yesno,opinion,177,146,582,630,31,48,positive,positive,1,1,0,consistent,1,consistent,1,1,1,0
233,1,CN,yesno,opinion,146,181,762,502,-35,-260,neutral,neutral,0,0,0,consistent,1,consistent,1,0,0,0
234,1,CN,yesno,opinion,151,135,516,507,16,-9,neutral,negative,0,-1,1,consistent,1,consistent,1,0,-1,1
235,1,CN,yesno,opinion,255,137,525,865,118,340,neutral,neutral,0,0,0,consistent,1,consistent,1,0,0,0
236,1,CN,yesno,opinion,202,144,539,622,58,83,neutral,negative,0,-1,1,consistent,1,consistent,1,0,0,0
237,1,CN,yesno,fact,275,145,588,1000,130,412,negative,negative,-1,-1,0,consistent,1,consistent,1,0,-1,1
238,1,CN,statement,fact,125,130,451,387,-5,-64,neutral,neutral,0,0,0,consistent,1,consistent,1,0,-1,1
239,1,CN,statement,fact,165,171,601,673,-6,72,neutral,neutral,0,0,0,inconsistent,0,inconsistent,0,0,-1,1
240,1,CN,statement,fact,304,418,1588,1034,-114,-554,negative,negative,-1,-1,0,consistent,1,inconsistent,0,-1,-1,0
241,1,CN,yesno,opinion,126,133,502,506,-7,4,neutral,negative,0,-1,1,inconsistent,0,consistent,1,0,-1,1
242,1,CN,yesno,fact,74,121,498,259,-47,-239,neutral,neutral,0,0,0,consistent,1,consistent,1,0,-1,1
243,1,CN,statement,opinion,366,610,2117,1422,-244,-695,negative,negative,-1,-1,0,consistent,1,consistent,1,-1,-1,0
244,1,CN,yesno,opinion,242,293,1131,944,-51,-187,negative,negative,-1,-1,0,inconsistent,0,consistent,1,-1,-1,0
245,1,CN,yesno,fact,97,78,287,437,19,150,neutral,negative,0,-1,1,inconsistent,0,consistent,1,0,0,0
246,1,CN,yesno,opinion,258,126,455,955,132,500,negative,neutral,-1,0,-1,consistent,1,consistent,1,0,0,0
247,1,CN,yesno,opinion,272,148,559,1059,124,500,negative,negative,-1,-1,0,consistent,1,consistent,1,-1,-1,0
248,1,CN,yesno,fact,93,155,562,361,-62,-201,neutral,negative,0,-1,1,consistent,1,consistent,1,0,-1,1
249,1,CN,yesno,opinion,267,183,651,941,84,290,neutral,neutral,0,0,0,consistent,1,consistent,1,0,0,0
250,1,CN,yesno,opinion,282,186,671,1137,96,466,neutral,neutral,0,0,0,consistent,1,consistent,1,0,0,0
251,1,CN,yesno,opinion,178,136,524,660,42,136,negative,negative,-1,-1,0,consistent,1,consistent,1,-1,-1,0
252,1,CN,yesno,fact,134,100,422,513,34,91,neutral,negative,0,-1,1,consistent,1,consistent,1,0,-1,1
253,1,CN,yesno,opinion,271,305,1116,1037,-34,-79,positive,neutral,1,0,1,consistent,1,consistent,1,0,0,0
254,1,CN,statement,fact,106,89,294,394,17,100,negative,neutral,-1,0,-1,consistent,1,consistent,1,-1,-1,0
255,1,CN,statement,fact,143,83,366,517,60,151,neutral,neutral,0,0,0,consistent,1,consistent,1,0,0,0
256,1,CN,yesno,opinion,243,217,914,1019,26,105,positive,neutral,1,0,1,inconsistent,0,inconsistent,0,1,1,0
257,1,CN,yesno,fact,146,117,433,545,29,112,negative,negative,-1,-1,0,consistent,1,consistent,1,-1,-1,0
258,1,CN,statement,opinion,340,354,1277,1330,-14,53,positive,neutral,1,0,1,inconsistent,0,inconsistent,0,1,-1,2
259,1,CN,yesno,fact,146,121,499,618,25,119,negative,negative,-1,-1,0,consistent,1,consistent,1,-1,-1,0
260,1,CN,yesno,fact,152,172,573,540,-20,-33,negative,negative,-1,-1,0,consistent,1,consistent,1,-1,-1,0
261,1,CN,yesno,fact,271,215,728,915,56,187,negative,negative,-1,-1,0,inconsistent,0,consistent,1,-1,-1,0
262,1,CN,yesno,fact,289,122,454,999,167,545,negative,neutral,-1,0,-1,consistent,1,consistent,1,-1,0,-1
263,1,CN,yesno,opinion,252,147,529,921,105,392,negative,neutral,-1,0,-1,consistent,1,consistent,1,-1,0,-1
264,1,CN,statement,fact,331,130,505,1236,201,731,negative,negative,-1,-1,0,consistent,1,consistent,1,-1,-1,0
265,1,CN,statement,fact,188,183,666,674,5,8,negative,negative,-1,-1,0,consistent,1,consistent,1,-1,-1,0
266,1,CN,statement,fact,31,113,439,133,-82,-306,neutral,negative,0,-1,1,consistent,1,consistent,1,0,-1,1
267,1,CN,statement,fact,118,177,569,469,-59,-100,neutral,negative,0,-1,1,consistent,1,consistent,1,0,0,0
268,1,CN,yesno,opinion,120,162,621,429,-42,-192,negative,negative,-1,-1,0,consistent,1,consistent,1,0,-1,1
269,1,CN,yesno,fact,69,61,255,287,8,32,negative,negative,-1,-1,0,consistent,1,consistent,1,-1,-1,0
270,1,CN,statement,fact,285,495,1917,1078,-210,-839,neutral,neutral,0,0,0,consistent,1,inconsistent,0,0,0,0
271,1,CN,yesno,opinion,153,118,486,525,35,39,negative,negative,-1,-1,0,consistent,1,consistent,1,-1,-1,0
272,1,CN,yesno,fact,188,116,451,741,72,290,negative,negative,-1,-1,0,consistent,1,consistent,1,-1,-1,0
273,1,CN,yesno,fact,279,178,685,1026,101,341,negative,negative,-1,-1,0,consistent,1,consistent,1,-1,-1,0
274,1,CN,yesno,opinion,272,144,483,967,128,484,neutral,neutral,0,0,0,consistent,1,consistent,1,0,0,0
275,1,CN,yesno,opinion,272,273,952,969,-1,17,neutral,neutral,0,0,0,consistent,1,consistent,1,0,0,0
276,1,CN,yesno,fact,85,107,425,283,-22,-142,neutral,negative,0,-1,1,consistent,1,consistent,1,0,-1,1
277,1,CN,yesno,fact,150,141,582,534,9,-48,neutral,negative,0,-1,1,consistent,1,consistent,1,-1,-1,0
278,1,CN,yesno,opinion,254,155,597,1001,99,404,neutral,neutral,0,0,0,consistent,1,consistent,1,-1,0,-1
279,1,CN,yesno,fact,151,150,516,559,1,43,positive,neutral,1,0,1,consistent,1,inconsistent,0,1,0,1
280,1,CN,yesno,fact,243,156,601,933,87,332,positive,neutral,1,0,1,consistent,1,inconsistent,0,1,0,1
281,1,CN,yesno,fact,264,162,619,946,102,327,positive,neutral,1,0,1,consistent,1,consistent,1,1,0,1
282,1,CN,yesno,opinion,288,165,673,1085,123,412,neutral,negative,0,-1,1,inconsistent,0,inconsistent,0,0,-1,1
283,1,CN,yesno,fact,124,107,452,537,17,85,positive,neutral,1,0,1,inconsistent,0,inconsistent,0,1,0,1
284,1,CN,yesno,opinion,268,287,1224,1059,-19,-165,neutral,negative,0,-1,1,inconsistent,0,inconsistent,0,0,-1,1
285,1,CN,yesno,fact,118,139,522,480,-21,-42,neutral,negative,0,-1,1,consistent,1,inconsistent,0,0,0,0
286,1,CN,yesno,opinion,94,131,499,323,-37,-176,negative,neutral,-1,0,-1,inconsistent,0,inconsistent,0,0,0,0
287,1,CN,statement,fact,249,232,814,822,17,8,positive,positive,1,1,0,consistent,1,consistent,1,1,1,0
288,1,CN,statement,fact,226,232,769,759,-6,-10,negative,neutral,-1,0,-1,consistent,1,inconsistent,0,-1,0,-1
289,1,CN,yesno,fact,129,224,879,485,-95,-394,neutral,neutral,0,0,0,inconsistent,0,inconsistent,0,0,0,0
290,1,CN,statement,fact,372,431,1759,1461,-59,-298,positive,positive,1,1,0,consistent,1,consistent,1,0,1,-1
291,1,CN,statement,opinion,338,293,1018,1171,45,153,negative,negative,-1,-1,0,consistent,1,consistent,1,-1,-1,0
292,1,CN,statement,fact,71,139,505,262,-68,-243,neutral,neutral,0,0,0,inconsistent,0,inconsistent,0,1,0,1
293,1,CN,yesno,opinion,275,301,1139,1043,-26,-96,positive,neutral,1,0,1,consistent,1,consistent,1,1,0,1
294,1,CN,yesno,opinion,254,135,558,1007,119,449,negative,negative,-1,-1,0,consistent,1,consistent,1,-1,-1,0
295,1,CN,yesno,opinion,272,154,680,1031,118,351,neutral,negative,0,-1,1,consistent,1,consistent,1,0,-1,1
296,1,CN,yesno,opinion,262,283,999,963,-21,-36,positive,negative,1,-1,2,inconsistent,0,inconsistent,0,1,-1,2
297,1,CN,statement,fact,102,85,265,360,17,95,neutral,neutral,0,0,0,consistent,1,consistent,1,0,0,0
298,1,CN,statement,fact,250,253,1082,1085,-3,3,positive,positive,1,1,0,consistent,1,consistent,1,1,1,0
299,1,CN,yesno,opinion,270,143,560,972,127,412,positive,negative,1,-1,2,consistent,1,consistent,1,1,0,1
300,1,CN,yesno,opinion,277,280,1074,1137,-3,63,neutral,negative,0,-1,1,consistent,1,consistent,1,0,-1,1
301,1,CN,yesno,opinion,248,286,1110,997,-38,-113,neutral,negative,0,-1,1,consistent,1,consistent,1,0,0,0
302,1,CN,yesno,opinion,261,253,949,959,8,10,negative,negative,-1,-1,0,consistent,1,consistent,1,-1,-1,0
303,1,CN,statement,fact,70,88,305,283,-18,-22,neutral,neutral,0,0,0,consistent,1,consistent,1,1,0,1
304,1,CN,statement,fact,105,94,321,380,11,59,neutral,neutral,0,0,0,consistent,1,consistent,1,0,0,0
305,1,CN,statement,opinion,338,460,1809,1233,-122,-576,negative,negative,-1,-1,0,consistent,1,consistent,1,-1,-1,0
306,1,CN,yesno,fact,129,71,300,563,58,263,positive,positive,1,1,0,consistent,1,consistent,1,1,1,0
307,1,CN,statement,opinion,362,356,1262,1297,6,35,negative,negative,-1,-1,0,consistent,1,consistent,1,-1,-1,0
308,1,CN,statement,fact,37,60,209,121,-23,-88,neutral,neutral,0,0,0,inconsistent,0,consistent,1,0,0,0
309,1,CN,statement,fact,121,118,393,388,3,-5,neutral,neutral,0,0,0,inconsistent,0,inconsistent,0,0,0,0
310,1,CN,yesno,fact,295,296,1090,968,-1,-122,positive,negative,1,-1,2,inconsistent,0,inconsistent,0,1,0,1
311,1,CN,statement,fact,96,53,150,266,43,116,neutral,neutral,0,0,0,consistent,1,consistent,1,0,0,0
312,1,CN,statement,fact,31,75,258,95,-44,-163,neutral,neutral,0,0,0,inconsistent,0,consistent,1,0,0,0
313,1,CN,yesno,fact,181,158,609,651,23,42,neutral,neutral,0,0,0,consistent,1,consistent,1,0,-1,1
314,1,CN,yesno,opinion,244,184,631,1008,60,377,positive,neutral,1,0,1,consistent,1,inconsistent,0,1,0,1
315,1,CN,statement,opinion,407,179,709,1437,228,728,negative,negative,-1,-1,0,consistent,1,consistent,1,-1,-1,0
316,1,CN,yesno,opinion,268,145,495,914,123,419,neutral,neutral,0,0,0,consistent,1,consistent,1,0,0,0
317,1,CN,yesno,opinion,272,147,538,1020,125,482,neutral,negative,0,-1,1,consistent,1,consistent,1,1,-1,2
318,1,CN,yesno,opinion,260,285,1020,931,-25,-89,neutral,positive,0,1,-1,consistent,1,consistent,1,0,0,0
319,1,CN,yesno,opinion,268,281,1040,932,-13,-108,negative,negative,-1,-1,0,consistent,1,consistent,1,-1,-1,0
320,1,CN,statement,fact,148,138,451,530,10,79,neutral,positive,0,1,-1,consistent,1,consistent,1,1,1,0
321,1,CN,statement,fact,65,108,382,236,-43,-146,neutral,neutral,0,0,0,consistent,1,consistent,1,1,0,1
322,1,CN,statement,fact,97,77,245,368,20,123,neutral,neutral,0,0,0,inconsistent,0,inconsistent,0,0,0,0
323,1,CN,yesno,fact,113,131,482,411,-18,-71,neutral,negative,0,-1,1,consistent,1,consistent,1,0,-1,1
324,1,CN,statement,opinion,421,628,2160,1656,-207,-504,negative,negative,-1,-1,0,consistent,1,consistent,1,-1,-1,0
325,1,CN,yesno,fact,199,174,639,636,25,-3,negative,negative,-1,-1,0,consistent,1,consistent,1,-1,0,-1
326,1,CN,yesno,opinion,144,116,397,507,28,110,neutral,negative,0,-1,1,consistent,1,consistent,1,0,-1,1
327,1,CN,yesno,opinion,272,161,557,1001,111,444,neutral,neutral,0,0,0,consistent,1,consistent,1,0,0,0
328,1,CN,yesno,opinion,139,199,656,538,-60,-118,neutral,positive,0,1,-1,consistent,1,consistent,1,0,0,0
329,1,CN,yesno,fact,120,82,311,441,38,130,neutral,negative,0,-1,1,consistent,1,consistent,1,0,-1,1
330,1,CN,yesno,opinion,110,119,471,395,-9,-76,negative,negative,-1,-1,0,consistent,1,consistent,1,-1,-1,0
331,1,CN,statement,opinion,442,433,1540,1679,9,139,neutral,neutral,0,0,0,consistent,1,consistent,1,0,0,0
332,1,CN,yesno,opinion,286,168,604,1061,118,457,neutral,negative,0,-1,1,consistent,1,consistent,1,0,0,0
333,1,CN,yesno,opinion,133,158,535,504,-25,-31,neutral,neutral,0,0,0,consistent,1,consistent,1,0,0,0
334,1,CN,statement,fact,186,127,450,693,59,243,neutral,negative,0,-1,1,consistent,1,consistent,1,-1,-1,0
335,1,CN,statement,fact,168,131,450,582,37,132,negative,neutral,-1,0,-1,consistent,1,consistent,1,0,-1,1
336,1,CN,yesno,opinion,118,127,460,400,-9,-60,neutral,neutral,0,0,0,consistent,1,consistent,1,0,-1,1
337,1,CN,yesno,fact,157,136,495,583,21,88,negative,negative,-1,-1,0,consistent,1,consistent,1,-1,-1,0
338,1,CN,yesno,opinion,230,145,505,778,85,273,neutral,neutral,0,0,0,consistent,1,consistent,1,0,0,0
339,1,CN,yesno,fact,130,89,369,535,41,166,neutral,negative,0,-1,1,consistent,1,consistent,1,0,-1,1
340,1,CN,yesno,opinion,275,294,1046,998,-19,-48,neutral,neutral,0,0,0,consistent,1,consistent,1,0,0,0
341,1,CN,yesno,opinion,272,280,923,940,-8,17,neutral,neutral,0,0,0,consistent,1,consistent,1,0,0,0
342,1,CN,yesno,opinion,268,292,1095,959,-24,-136,negative,neutral,-1,0,-1,consistent,1,consistent,1,0,-1,1
343,1,CN,yesno,opinion,254,299,1092,979,-45,-113,neutral,neutral,0,0,0,consistent,1,consistent,1,0,0,0
344,1,CN,yesno,opinion,279,269,977,1007,10,30,neutral,neutral,0,0,0,consistent,1,consistent,1,0,0,0
345,1,CN,yesno,fact,269,279,1116,1061,-10,-55,neutral,neutral,0,0,0,consistent,1,inconsistent,0,-1,0,-1
346,1,CN,yesno,fact,92,101,418,323,-9,-95,neutral,negative,0,-1,1,consistent,1,consistent,1,0,-1,1
347,1,CN,yesno,opinion,247,156,562,821,91,259,neutral,neutral,0,0,0,consistent,1,consistent,1,0,0,0
348,1,CN,yesno,opinion,267,133,545,859,134,314,neutral,neutral,0,0,0,consistent,1,consistent,1,0,0,0
349,1,CN,yesno,opinion,243,148,653,933,95,280,neutral,neutral,0,0,0,consistent,1,consistent,1,0,0,0
350,1,CN,yesno,opinion,280,300,1082,937,-20,-145,neutral,negative,0,-1,1,consistent,1,consistent,1,0,-1,1
351,1,CN,yesno,opinion,273,290,1114,988,-17,-126,neutral,neutral,0,0,0,consistent,1,consistent,1,0,0,0
352,1,CN,yesno,opinion,100,62,252,382,38,130,neutral,neutral,0,0,0,consistent,1,consistent,1,0,0,0
353,1,CN,yesno,opinion,181,263,1002,654,-82,-348,neutral,neutral,0,0,0,consistent,1,consistent,1,0,0,0
354,1,CN,statement,opinion,352,105,425,1428,247,1003,neutral,negative,0,-1,1,consistent,1,consistent,1,0,-1,1
355,1,CN,yesno,fact,151,180,662,518,-29,-144,neutral,negative,0,-1,1,consistent,1,consistent,1,0,0,0
356,1,CN,yesno,fact,272,126,484,951,146,467,neutral,neutral,0,0,0,consistent,1,consistent,1,0,0,0
357,1,CN,statement,fact,447,486,1857,1688,-39,-169,neutral,neutral,0,0,0,consistent,1,consistent,1,0,0,0
358,1,CN,statement,fact,437,513,1927,1522,-76,-405,negative,negative,-1,-1,0,consistent,1,consistent,1,-1,-1,0
359,1,CN,statement,fact,344,525,2037,1276,-181,-761,neutral,neutral,0,0,0,consistent,1,inconsistent,0,0,0,0
360,1,CN,statement,fact,288,416,1503,1125,-128,-378,neutral,neutral,0,0,0,consistent,1,consistent,1,0,0,0
361,1,CN,statement,fact,228,176,715,811,52,96,neutral,positive,0,1,-1,consistent,1,consistent,1,0,-1,1
362,1,CN,statement,fact,281,194,757,1071,87,314,negative,neutral,-1,0,-1,consistent,1,consistent,1,0,0,0
363,1,CN,statement,opinion,330,162,699,1185,168,486,negative,neutral,-1,0,-1,consistent,1,inconsistent,0,-1,-1,0
364,1,CN,statement,opinion,434,208,727,1787,226,1060,neutral,neutral,0,0,0,consistent,1,consistent,1,0,-1,1
365,1,CN,statement,fact,346,257,995,1541,89,546,neutral,negative,0,-1,1,inconsistent,0,consistent,1,0,-1,1
366,1,CN,statement,fact,331,393,1438,1220,-62,-218,neutral,neutral,0,0,0,consistent,1,inconsistent,0,0,-1,1
367,1,CN,statement,fact,141,98,410,546,43,136,negative,negative,-1,-1,0,consistent,1,consistent,1,-1,-1,0
368,1,CN,statement,fact,194,148,508,787,46,279,positive,neutral,1,0,1,consistent,1,consistent,1,1,0,1
369,1,CN,statement,fact,455,341,1435,2043,114,608,positive,neutral,1,0,1,inconsistent,0,inconsistent,0,1,0,1
370,1,CN,yesno,opinion,192,292,1118,713,-100,-405,neutral,negative,0,-1,1,consistent,1,consistent,1,0,-1,1
371,1,CN,yesno,opinion,248,139,447,1001,109,554,negative,negative,-1,-1,0,consistent,1,consistent,1,-1,-1,0
372,1,CN,yesno,opinion,279,82,317,1002,197,685,neutral,negative,0,-1,1,inconsistent,0,inconsistent,0,0,-1,1
373,1,CN,yesno,opinion,169,95,372,587,74,215,positive,negative,1,-1,2,inconsistent,0,inconsistent,0,0,-1,1
374,1,CN,yesno,opinion,146,133,556,629,13,73,positive,negative,1,-1,2,inconsistent,0,inconsistent,0,1,-1,2
375,1,CN,yesno,opinion,140,172,703,505,-32,-198,negative,positive,-1,1,-2,consistent,1,consistent,1,0,-1,1
376,1,CN,yesno,opinion,249,218,869,1000,31,131,neutral,neutral,0,0,0,consistent,1,consistent,1,0,0,0
377,1,CN,yesno,opinion,268,146,481,1029,122,548,negative,negative,-1,-1,0,consistent,1,consistent,1,-1,-1,0
378,1,CN,yesno,opinion,143,100,408,597,43,189,neutral,neutral,0,0,0,inconsistent,0,inconsistent,0,0,-1,1
379,1,CN,yesno,opinion,280,187,671,981,93,310,neutral,neutral,0,0,0,consistent,1,consistent,1,0,0,0
380,1,CN,yesno,opinion,278,281,1101,1070,-3,-31,positive,positive,1,1,0,consistent,1,inconsistent,0,0,1,-1
381,1,CN,statement,opinion,208,53,230,828,155,598,positive,positive,1,1,0,consistent,1,consistent,1,1,1,0
382,1,CN,yesno,opinion,237,281,1043,924,-44,-119,positive,neutral,1,0,1,consistent,1,inconsistent,0,1,0,1
383,1,CN,yesno,opinion,246,150,578,961,96,383,positive,neutral,1,0,1,inconsistent,0,inconsistent,0,1,0,1
384,1,CN,yesno,opinion,282,278,999,1122,4,123,positive,neutral,1,0,1,consistent,1,inconsistent,0,1,0,1
385,1,CN,yesno,opinion,252,274,1124,1141,-22,17,positive,positive,1,1,0,inconsistent,0,inconsistent,0,1,0,1
386,1,CN,yesno,fact,107,121,434,390,-14,-44,neutral,neutral,0,0,0,inconsistent,0,inconsistent,0,0,0,0
387,1,CN,yesno,opinion,226,253,1003,830,-27,-173,neutral,neutral,0,0,0,consistent,1,consistent,1,0,0,0
388,1,CN,yesno,fact,103,104,399,408,-1,9,positive,neutral,1,0,1,consistent,1,consistent,1,1,0,1
389,1,CN,yesno,opinion,271,313,1107,913,-42,-194,neutral,neutral,0,0,0,consistent,1,consistent,1,0,1,-1
390,1,CN,yesno,opinion,222,133,518,814,89,296,neutral,negative,0,-1,1,consistent,1,consistent,1,0,-1,1
391,1,CN,statement,fact,178,105,342,594,73,252,negative,neutral,-1,0,-1,consistent,1,consistent,1,0,0,0
392,1,CN,statement,opinion,483,607,1948,1816,-124,-132,positive,positive,1,1,0,consistent,1,consistent,1,1,1,0
393,1,CN,statement,opinion,407,515,1943,1644,-108,-299,negative,negative,-1,-1,0,consistent,1,consistent,1,-1,NA,NA
394,1,CN,yesno,fact,126,121,458,397,5,-61,negative,negative,-1,-1,0,consistent,1,consistent,1,-1,-1,0
395,1,CN,yesno,fact,90,70,286,284,20,-2,neutral,negative,0,-1,1,consistent,1,consistent,1,0,-1,1
396,1,CN,yesno,fact,118,97,415,461,21,46,neutral,negative,0,-1,1,consistent,1,consistent,1,0,-1,1
397,1,CN,yesno,fact,98,92,369,399,6,30,neutral,negative,0,-1,1,consistent,1,consistent,1,0,-1,1
398,1,CN,yesno,fact,169,110,296,470,59,174,neutral,neutral,0,0,0,inconsistent,0,consistent,1,0,0,0
399,1,CN,yesno,fact,84,92,370,334,-8,-36,positive,negative,1,-1,2,consistent,1,consistent,1,1,-1,2
400,1,CN,yesno,fact,123,117,507,440,6,-67,negative,negative,-1,-1,0,consistent,1,consistent,1,-1,-1,0
401,1,CN,yesno,fact,148,145,595,533,3,-62,negative,negative,-1,-1,0,consistent,1,consistent,1,-1,-1,0
402,1,CN,yesno,opinion,245,279,1137,905,-34,-232,neutral,neutral,0,0,0,consistent,1,consistent,1,0,0,0
403,1,CN,yesno,fact,146,165,614,497,-19,-117,neutral,negative,0,-1,1,consistent,1,consistent,1,0,0,0
404,1,CN,yesno,fact,97,110,440,359,-13,-81,positive,negative,1,-1,2,inconsistent,0,inconsistent,0,1,-1,2
405,1,CN,yesno,opinion,183,129,457,606,54,149,negative,negative,-1,-1,0,consistent,1,consistent,1,0,-1,1
406,1,CN,yesno,opinion,271,112,472,940,159,468,positive,negative,1,-1,2,inconsistent,0,inconsistent,0,0,-1,1
407,1,CN,statement,fact,130,43,192,488,87,296,neutral,neutral,0,0,0,inconsistent,0,consistent,1,0,0,0
408,1,CN,statement,fact,72,92,340,238,-20,-102,neutral,negative,0,-1,1,consistent,1,consistent,1,0,-1,1
409,1,CN,statement,fact,179,205,749,664,-26,-85,negative,negative,-1,-1,0,consistent,1,consistent,1,0,-1,1
410,1,CN,yesno,opinion,152,104,391,532,48,141,negative,negative,-1,-1,0,consistent,1,consistent,1,-1,-1,0
411,1,CN,yesno,fact,264,277,1008,1001,-13,-7,negative,negative,-1,-1,0,consistent,1,consistent,1,0,-1,1
412,1,CN,yesno,fact,127,73,312,474,54,162,positive,negative,1,-1,2,consistent,1,consistent,1,0,-1,1
413,1,CN,yesno,fact,108,155,608,415,-47,-193,neutral,neutral,0,0,0,consistent,1,inconsistent,0,0,0,0
414,1,CN,yesno,opinion,263,293,1074,1293,-30,219,positive,negative,1,-1,2,inconsistent,0,inconsistent,0,0,0,0
415,1,CN,yesno,fact,119,144,623,457,-25,-166,neutral,negative,0,-1,1,consistent,1,consistent,1,0,-1,1
416,1,CN,yesno,fact,127,138,610,462,-11,-148,neutral,negative,0,-1,1,consistent,1,consistent,1,0,-1,1
417,1,CN,statement,fact,87,146,546,301,-59,-245,neutral,neutral,0,0,0,consistent,1,consistent,1,0,0,0
418,1,CN,statement,fact,94,104,380,318,-10,-62,neutral,negative,0,-1,1,consistent,1,consistent,1,0,0,0
419,1,CN,yesno,fact,139,144,568,470,-5,-98,negative,negative,-1,-1,0,consistent,1,consistent,1,-1,-1,0
420,1,CN,yesno,fact,160,96,344,571,64,227,positive,negative,1,-1,2,inconsistent,0,inconsistent,0,1,-1,2
421,1,CN,yesno,fact,125,83,323,429,42,106,neutral,negative,0,-1,1,consistent,1,consistent,1,0,0,0
422,1,CN,yesno,opinion,275,140,482,923,135,441,neutral,neutral,0,0,0,consistent,1,consistent,1,0,0,0
423,1,CN,yesno,opinion,179,141,523,625,38,102,neutral,neutral,0,0,0,consistent,1,consistent,1,0,0,0
424,1,CN,yesno,opinion,249,137,477,807,112,330,neutral,neutral,0,0,0,consistent,1,consistent,1,0,0,0
425,1,CN,yesno,opinion,265,178,641,895,87,254,neutral,neutral,0,0,0,consistent,1,consistent,1,0,0,0
426,1,CN,yesno,fact,263,185,668,978,78,310,negative,negative,-1,-1,0,consistent,1,consistent,1,-1,-1,0
427,1,CN,yesno,fact,219,124,502,814,95,312,neutral,negative,0,-1,1,inconsistent,0,inconsistent,0,1,-1,2
428,1,CN,statement,opinion,144,175,731,565,-31,-166,positive,negative,1,-1,2,inconsistent,0,inconsistent,0,1,0,1
429,1,CN,yesno,fact,80,69,298,329,11,31,positive,neutral,1,0,1,consistent,1,consistent,1,1,0,1
430,1,CN,yesno,fact,247,79,324,962,168,638,positive,negative,1,-1,2,inconsistent,0,inconsistent,0,1,-1,2
431,1,CN,yesno,opinion,287,332,1078,984,-45,-94,neutral,negative,0,-1,1,consistent,1,consistent,1,-1,-1,0
432,1,CN,yesno,fact,86,120,507,314,-34,-193,neutral,neutral,0,0,0,consistent,1,consistent,1,0,0,0
433,1,CN,yesno,fact,118,91,428,459,27,31,neutral,neutral,0,0,0,consistent,1,consistent,1,0,0,0
434,1,CN,yesno,opinion,283,137,492,901,146,409,negative,negative,-1,-1,0,consistent,1,consistent,1,0,-1,1
435,1,CN,statement,fact,363,479,988,1123,-116,135,neutral,negative,0,-1,1,inconsistent,0,inconsistent,0,0,-1,1
436,1,CN,yesno,fact,252,119,509,980,133,471,neutral,negative,0,-1,1,consistent,1,consistent,1,0,0,0
437,1,CN,yesno,opinion,108,89,314,418,19,104,neutral,negative,0,-1,1,consistent,1,consistent,1,0,-1,1
438,1,CN,statement,opinion,389,148,582,1519,241,937,negative,negative,-1,-1,0,consistent,1,consistent,1,-1,-1,0
439,1,CN,yesno,fact,113,158,642,429,-45,-213,neutral,negative,0,-1,1,inconsistent,0,consistent,1,0,-1,1
440,1,CN,statement,opinion,272,252,817,948,20,131,negative,negative,-1,-1,0,consistent,1,consistent,1,-1,-1,0
441,1,CN,statement,opinion,211,306,1099,821,-95,-278,negative,negative,-1,-1,0,consistent,1,consistent,1,-1,-1,0
442,1,CN,yesno,fact,280,128,530,1031,152,501,neutral,neutral,0,0,0,consistent,1,consistent,1,0,-1,1
443,1,CN,statement,opinion,227,178,667,924,49,257,negative,negative,-1,-1,0,consistent,1,consistent,1,-1,-1,0
444,1,CN,statement,opinion,228,149,564,911,79,347,negative,negative,-1,-1,0,consistent,1,consistent,1,-1,-1,0
445,1,CN,yesno,fact,133,99,363,490,34,127,neutral,negative,0,-1,1,consistent,1,consistent,1,0,-1,1
446,1,CN,yesno,fact,141,132,500,548,9,48,neutral,negative,0,-1,1,inconsistent,0,consistent,1,0,-1,1
447,1,CN,statement,fact,83,78,282,316,5,34,neutral,negative,0,-1,1,consistent,1,consistent,1,0,-1,1
448,1,CN,yesno,fact,195,98,408,790,97,382,negative,negative,-1,-1,0,consistent,1,consistent,1,-1,-1,0
449,1,CN,statement,opinion,348,165,619,1303,183,684,negative,negative,-1,-1,0,consistent,1,consistent,1,-1,-1,0
450,1,CN,statement,fact,503,360,1317,1904,143,587,neutral,neutral,0,0,0,consistent,1,inconsistent,0,0,-1,1
451,1,US,statement,opinion,407,168,671,1687,239,1016,neutral,neutral,0,0,0,consistent,1,consistent,1,0,0,0
452,1,US,yesno,fact,33,45,110,129,-12,19,negative,negative,-1,-1,0,consistent,1,consistent,1,0,0,0
453,1,US,yesno,fact,119,213,759,378,-94,-381,negative,neutral,-1,0,-1,consistent,1,inconsistent,0,-1,0,-1
454,1,US,yesno,fact,240,203,736,884,37,148,negative,negative,-1,-1,0,consistent,1,consistent,1,-1,-1,0
455,1,US,yesno,fact,130,136,446,511,-6,65,neutral,neutral,0,0,0,consistent,1,consistent,1,0,0,0
456,1,US,yesno,fact,158,106,394,561,52,167,neutral,neutral,0,0,0,consistent,1,consistent,1,0,-1,1
457,1,US,yesno,fact,199,140,405,630,59,225,neutral,negative,0,-1,1,consistent,1,consistent,1,0,-1,1
458,1,US,yesno,fact,222,175,594,772,47,178,positive,positive,1,1,0,consistent,1,consistent,1,1,1,0
459,1,US,yesno,opinion,196,163,546,717,33,171,neutral,negative,0,-1,1,consistent,1,consistent,1,0,-1,1
460,1,US,yesno,opinion,286,203,680,1173,83,493,neutral,neutral,0,0,0,consistent,1,consistent,1,0,0,0
461,1,US,yesno,opinion,267,159,592,929,108,337,neutral,neutral,0,0,0,consistent,1,inconsistent,0,0,0,0
462,1,US,statement,fact,63,98,301,208,-35,-93,neutral,neutral,0,0,0,inconsistent,0,consistent,1,0,0,0
463,1,US,yesno,opinion,250,154,532,894,96,362,neutral,neutral,0,0,0,consistent,1,consistent,1,-1,0,-1
464,1,US,yesno,opinion,245,168,608,917,77,309,negative,neutral,-1,0,-1,consistent,1,consistent,1,-1,0,-1
465,1,US,statement,fact,139,96,335,395,43,60,positive,positive,1,1,0,consistent,1,consistent,1,1,1,0
466,1,US,statement,fact,73,134,422,243,-61,-179,neutral,neutral,0,0,0,consistent,1,inconsistent,0,0,0,0
467,1,US,statement,fact,164,9,36,599,155,563,negative,neutral,-1,0,-1,inconsistent,0,consistent,1,0,0,0
468,1,US,statement,fact,163,58,178,576,105,398,negative,neutral,-1,0,-1,inconsistent,0,inconsistent,0,0,0,0
469,1,US,statement,opinion,446,598,2068,1644,-152,-424,neutral,negative,0,-1,1,inconsistent,0,consistent,1,0,-1,1
470,1,US,yesno,fact,107,107,409,422,0,13,neutral,neutral,0,0,0,consistent,1,consistent,1,0,0,0
471,1,US,yesno,fact,168,185,624,368,-17,-256,positive,positive,1,1,0,consistent,1,consistent,1,1,1,0
472,1,US,yesno,fact,227,286,1026,839,-59,-187,neutral,neutral,0,0,0,consistent,1,inconsistent,0,1,0,1
473,1,US,yesno,fact,163,105,401,627,58,226,negative,neutral,-1,0,-1,inconsistent,0,inconsistent,0,-1,0,-1
474,1,US,yesno,fact,199,227,756,728,-28,-28,neutral,neutral,0,0,0,consistent,1,consistent,1,0,0,0
475,1,US,yesno,opinion,245,173,665,1072,72,407,positive,neutral,1,0,1,consistent,1,consistent,1,0,0,0
476,1,US,yesno,opinion,257,174,604,891,83,287,neutral,neutral,0,0,0,consistent,1,consistent,1,0,0,0
477,1,US,yesno,opinion,272,153,595,930,119,335,neutral,neutral,0,0,0,consistent,1,consistent,1,0,0,0
478,1,US,yesno,opinion,206,138,530,710,68,180,neutral,neutral,0,0,0,consistent,1,consistent,1,0,-1,1
479,1,US,yesno,fact,166,192,682,561,-26,-121,neutral,neutral,0,0,0,consistent,1,consistent,1,0,0,0
480,1,US,yesno,fact,259,158,616,919,101,303,negative,negative,-1,-1,0,consistent,1,consistent,1,-1,-1,0
481,1,US,yesno,fact,204,199,779,711,5,-68,neutral,neutral,0,0,0,consistent,1,consistent,1,0,0,0
482,1,US,yesno,fact,273,154,540,881,119,341,neutral,negative,0,-1,1,inconsistent,0,inconsistent,0,0,0,0
483,1,US,yesno,opinion,278,152,548,1013,126,465,neutral,neutral,0,0,0,consistent,1,consistent,1,0,0,0
484,1,US,statement,fact,103,98,309,336,5,27,neutral,negative,0,-1,1,consistent,1,consistent,1,0,-1,1
485,1,US,statement,opinion,409,466,1706,1620,-57,-86,neutral,negative,0,-1,1,consistent,1,consistent,1,0,-1,1
486,1,US,yesno,fact,90,82,261,387,8,126,neutral,neutral,0,0,0,consistent,1,consistent,1,0,0,0
487,1,US,yesno,fact,271,159,635,873,112,238,neutral,neutral,0,0,0,consistent,1,consistent,1,0,0,0
488,1,US,statement,fact,72,64,165,202,8,37,neutral,neutral,0,0,0,inconsistent,0,inconsistent,0,0,0,0
489,1,US,yesno,fact,144,139,428,535,5,107,neutral,neutral,0,0,0,consistent,1,consistent,1,0,0,0
490,1,US,yesno,opinion,218,159,594,955,59,361,positive,negative,1,-1,2,consistent,1,consistent,1,1,1,0
491,1,US,statement,fact,350,161,526,731,189,205,neutral,neutral,0,0,0,consistent,1,consistent,1,0,0,0
492,1,US,statement,opinion,464,657,2329,1649,-193,-680,negative,negative,-1,-1,0,consistent,1,consistent,1,-1,-1,0
493,1,US,yesno,opinion,159,320,1004,525,-161,-479,positive,neutral,1,0,1,consistent,1,inconsistent,0,1,0,1
494,1,US,yesno,opinion,257,161,606,967,96,361,negative,neutral,-1,0,-1,consistent,1,consistent,1,0,0,0
495,1,US,statement,opinion,337,439,1610,1210,-102,-400,negative,neutral,-1,0,-1,inconsistent,0,inconsistent,0,-1,0,-1
496,1,US,yesno,opinion,250,207,749,817,43,68,neutral,negative,0,-1,1,consistent,1,consistent,1,-1,-1,0
497,1,US,statement,fact,130,50,184,421,80,237,neutral,neutral,0,0,0,consistent,1,consistent,1,0,0,0
498,1,US,statement,fact,119,102,271,377,17,106,neutral,neutral,0,0,0,consistent,1,inconsistent,0,0,0,0
499,1,US,statement,fact,81,150,510,218,-69,-292,neutral,neutral,0,0,0,consistent,1,consistent,1,0,0,0
500,1,US,statement,fact,53,147,577,173,-94,-404,neutral,neutral,0,0,0,consistent,1,consistent,1,0,0,0
501,1,US,statement,fact,255,127,418,728,128,310,neutral,neutral,0,0,0,consistent,1,inconsistent,0,0,0,0
502,1,US,statement,fact,50,49,179,218,1,39,negative,negative,-1,-1,0,consistent,1,consistent,1,-1,0,-1
503,1,US,yesno,fact,105,97,396,374,8,-22,negative,negative,-1,-1,0,consistent,1,consistent,1,-1,-1,0
504,1,US,yesno,fact,166,85,314,632,81,318,neutral,positive,0,1,-1,inconsistent,0,inconsistent,0,0,0,0
505,1,US,yesno,opinion,275,149,527,850,126,323,neutral,neutral,0,0,0,consistent,1,consistent,1,0,0,0
506,1,US,yesno,opinion,265,155,549,971,110,422,neutral,neutral,0,0,0,consistent,1,consistent,1,0,0,0
507,1,US,yesno,opinion,249,152,547,784,97,237,neutral,neutral,0,0,0,consistent,1,consistent,1,0,0,0
508,1,US,statement,fact,80,45,123,231,35,108,negative,neutral,-1,0,-1,consistent,1,consistent,1,-1,0,-1
509,1,US,yesno,fact,56,66,214,184,-10,-30,negative,negative,-1,-1,0,consistent,1,consistent,1,0,-1,1
510,1,US,yesno,opinion,258,323,1080,857,-65,-223,negative,neutral,-1,0,-1,consistent,1,inconsistent,0,-1,0,-1
511,1,US,yesno,opinion,279,160,544,914,119,370,neutral,neutral,0,0,0,consistent,1,consistent,1,0,0,0
512,1,US,statement,opinion,412,606,2077,1346,-194,-731,negative,negative,-1,-1,0,consistent,1,consistent,1,-1,0,-1
513,1,US,yesno,fact,100,81,296,338,19,42,neutral,negative,0,-1,1,consistent,1,consistent,1,0,0,0
514,1,US,yesno,opinion,134,168,520,473,-34,-47,negative,negative,-1,-1,0,consistent,1,consistent,1,-1,-1,0
515,1,US,yesno,opinion,243,145,529,804,98,275,neutral,neutral,0,0,0,consistent,1,consistent,1,0,0,0
516,1,US,statement,opinion,386,579,1946,1269,-193,-677,neutral,negative,0,-1,1,consistent,1,consistent,1,0,0,0
517,1,US,statement,fact,330,349,1110,979,-19,-131,neutral,neutral,0,0,0,consistent,1,consistent,1,0,0,0
518,1,US,statement,fact,116,60,178,379,56,201,neutral,neutral,0,0,0,consistent,1,consistent,1,0,0,0
519,1,US,yesno,opinion,256,227,824,838,29,14,neutral,neutral,0,0,0,consistent,1,consistent,1,0,0,0
520,1,US,statement,fact,94,28,65,315,66,250,neutral,neutral,0,0,0,consistent,1,consistent,1,1,0,1
521,1,US,statement,fact,104,48,143,349,56,206,neutral,neutral,0,0,0,consistent,1,consistent,1,0,0,0
522,1,US,statement,fact,100,86,291,337,14,46,neutral,neutral,0,0,0,consistent,1,consistent,1,0,0,0
523,1,US,statement,fact,151,23,96,534,128,438,neutral,neutral,0,0,0,consistent,1,consistent,1,0,0,0
524,1,US,statement,fact,58,80,293,275,-22,-18,negative,neutral,-1,0,-1,consistent,1,consistent,1,-1,-1,0
525,1,US,statement,fact,93,43,109,295,50,186,neutral,neutral,0,0,0,inconsistent,0,inconsistent,0,0,0,0
526,1,US,statement,fact,151,44,109,449,107,340,neutral,neutral,0,0,0,consistent,1,inconsistent,0,0,0,0
527,1,US,statement,fact,87,40,161,283,47,122,negative,neutral,-1,0,-1,consistent,1,consistent,1,0,0,0
528,1,US,statement,fact,161,163,562,531,-2,-31,positive,neutral,1,0,1,consistent,1,consistent,1,1,0,1
529,1,US,statement,fact,105,94,314,357,11,43,neutral,negative,0,-1,1,consistent,1,inconsistent,0,0,0,0
530,1,US,statement,opinion,310,340,1018,1031,-30,13,negative,negative,-1,-1,0,consistent,1,consistent,1,-1,-1,0
531,1,US,statement,opinion,279,201,590,996,78,406,negative,negative,-1,-1,0,consistent,1,consistent,1,-1,-1,0
532,1,US,yesno,fact,152,134,472,497,18,25,neutral,neutral,0,0,0,consistent,1,consistent,1,0,0,0
533,1,US,yesno,opinion,241,138,529,834,103,305,neutral,positive,0,1,-1,consistent,1,consistent,1,0,1,-1
534,1,US,yesno,opinion,251,159,601,1005,92,404,neutral,neutral,0,0,0,consistent,1,consistent,1,0,0,0
535,1,US,yesno,opinion,244,312,1111,950,-68,-161,negative,negative,-1,-1,0,consistent,1,consistent,1,-1,-1,0
536,1,US,yesno,opinion,251,313,1089,975,-62,-114,negative,negative,-1,-1,0,consistent,1,consistent,1,-1,-1,0
537,1,US,yesno,fact,101,128,483,379,-27,-104,neutral,neutral,0,0,0,consistent,1,consistent,1,0,0,0
538,1,US,yesno,opinion,150,47,189,679,103,490,neutral,neutral,0,0,0,consistent,1,consistent,1,0,-1,1
539,1,US,statement,fact,41,32,89,158,9,69,neutral,neutral,0,0,0,consistent,1,consistent,1,0,0,0
540,1,US,yesno,opinion,260,313,1146,893,-53,-253,negative,neutral,-1,0,-1,consistent,1,consistent,1,0,0,0
541,1,US,statement,fact,103,58,189,372,45,183,neutral,neutral,0,0,0,consistent,1,consistent,1,0,0,0
542,1,US,yesno,fact,132,95,343,574,37,231,negative,negative,-1,-1,0,consistent,1,consistent,1,-1,-1,0
543,1,US,yesno,opinion,149,139,543,552,10,9,negative,neutral,-1,0,-1,consistent,1,consistent,1,-1,0,-1
544,1,US,yesno,opinion,243,126,444,820,117,376,neutral,neutral,0,0,0,consistent,1,consistent,1,0,0,0
545,1,US,statement,opinion,409,487,1834,1584,-78,-250,negative,negative,-1,-1,0,consistent,1,consistent,1,-1,-1,0
546,1,US,statement,opinion,545,533,1850,2098,12,248,negative,negative,-1,-1,0,consistent,1,consistent,1,-1,-1,0
547,1,US,statement,fact,111,186,662,277,-75,-385,negative,negative,-1,-1,0,consistent,1,consistent,1,-1,0,-1
548,1,US,yesno,opinion,260,127,450,1036,133,586,neutral,neutral,0,0,0,consistent,1,consistent,1,-1,0,-1
549,1,US,yesno,opinion,259,168,643,932,91,289,negative,neutral,-1,0,-1,consistent,1,inconsistent,0,0,0,0
550,1,US,yesno,opinion,258,162,611,945,96,334,neutral,neutral,0,0,0,consistent,1,consistent,1,0,0,0
551,1,US,yesno,opinion,272,130,472,862,142,390,neutral,neutral,0,0,0,consistent,1,consistent,1,0,0,0
552,1,US,yesno,fact,167,137,468,530,30,62,neutral,neutral,0,0,0,consistent,1,consistent,1,0,0,0
553,1,US,yesno,opinion,131,120,406,542,11,136,positive,neutral,1,0,1,consistent,1,consistent,1,1,0,1
554,1,US,yesno,opinion,159,95,438,632,64,194,neutral,neutral,0,0,0,consistent,1,consistent,1,0,0,0
555,1,US,yesno,fact,265,103,417,964,162,547,neutral,positive,0,1,-1,consistent,1,inconsistent,0,1,1,0
556,1,US,yesno,opinion,230,122,468,745,108,277,neutral,neutral,0,0,0,consistent,1,inconsistent,0,0,1,-1
557,1,US,yesno,opinion,271,167,578,893,104,315,negative,neutral,-1,0,-1,consistent,1,consistent,1,-1,0,-1
558,1,US,yesno,fact,187,212,782,595,-25,-187,negative,negative,-1,-1,0,consistent,1,inconsistent,0,-1,-1,0
559,1,US,yesno,opinion,235,154,550,729,81,179,neutral,negative,0,-1,1,consistent,1,consistent,1,0,0,0
560,1,US,yesno,fact,122,58,183,410,64,227,neutral,neutral,0,0,0,consistent,1,consistent,1,0,0,0
561,1,US,yesno,fact,103,67,217,363,36,146,neutral,neutral,0,0,0,consistent,1,consistent,1,0,0,0
562,1,US,yesno,opinion,256,144,491,865,112,374,neutral,neutral,0,0,0,consistent,1,consistent,1,0,0,0
563,1,US,statement,fact,602,701,2118,1746,-99,-372,neutral,neutral,0,0,0,consistent,1,consistent,1,0,0,0
564,1,US,yesno,fact,81,48,168,347,33,179,neutral,neutral,0,0,0,consistent,1,consistent,1,0,0,0
565,1,US,yesno,fact,201,134,474,748,67,274,negative,negative,-1,-1,0,consistent,1,consistent,1,-1,0,-1
566,1,US,yesno,opinion,263,134,550,1029,129,479,neutral,neutral,0,0,0,consistent,1,consistent,1,0,0,0
567,1,US,yesno,opinion,211,131,480,770,80,290,neutral,neutral,0,0,0,consistent,1,consistent,1,0,0,0
568,1,US,yesno,opinion,167,278,972,572,-111,-400,neutral,neutral,0,0,0,consistent,1,consistent,1,0,0,0
569,1,US,yesno,opinion,109,159,582,425,-50,-157,neutral,neutral,0,0,0,consistent,1,consistent,1,0,0,0
570,1,US,yesno,opinion,189,105,377,704,84,327,neutral,neutral,0,0,0,consistent,1,consistent,1,0,0,0
571,1,US,yesno,opinion,264,227,815,1116,37,301,neutral,neutral,0,0,0,consistent,1,consistent,1,0,0,0
572,1,US,statement,fact,232,159,483,613,73,130,negative,negative,-1,-1,0,consistent,1,consistent,1,-1,0,-1
573,1,US,yesno,fact,136,93,280,504,43,224,neutral,negative,0,-1,1,consistent,1,consistent,1,0,0,0
574,1,US,yesno,fact,78,56,203,289,22,86,negative,negative,-1,-1,0,consistent,1,consistent,1,-1,-1,0
575,1,US,statement,fact,62,63,199,224,-1,25,neutral,neutral,0,0,0,consistent,1,consistent,1,0,0,0
576,1,US,statement,fact,155,229,539,470,-74,-69,neutral,neutral,0,0,0,consistent,1,consistent,1,0,0,0
577,1,US,statement,fact,142,135,505,518,7,13,neutral,neutral,0,0,0,consistent,1,consistent,1,0,0,0
578,1,US,yesno,fact,167,151,551,562,16,11,negative,negative,-1,-1,0,consistent,1,consistent,1,-1,-1,0
579,1,US,yesno,fact,99,74,264,351,25,87,negative,negative,-1,-1,0,consistent,1,consistent,1,0,-1,1
580,1,US,yesno,fact,160,152,592,594,8,2,negative,neutral,-1,0,-1,consistent,1,consistent,1,-1,0,-1
581,1,US,yesno,opinion,244,261,929,930,-17,1,negative,negative,-1,-1,0,consistent,1,consistent,1,-1,-1,0
582,1,US,yesno,opinion,235,178,673,823,57,150,negative,neutral,-1,0,-1,consistent,1,consistent,1,-1,-1,0
583,1,US,yesno,opinion,263,173,606,849,90,243,neutral,negative,0,-1,1,consistent,1,consistent,1,0,-1,1
584,1,US,yesno,fact,136,146,585,509,-10,-76,negative,negative,-1,-1,0,consistent,1,consistent,1,-1,-1,0
585,1,US,yesno,opinion,265,124,467,969,141,502,neutral,negative,0,-1,1,consistent,1,consistent,1,NA,-1,NA
586,1,US,yesno,fact,186,170,596,578,16,-18,negative,negative,-1,-1,0,consistent,1,consistent,1,0,-1,1
587,1,US,yesno,fact,261,162,519,864,99,345,negative,negative,-1,-1,0,consistent,1,consistent,1,-1,-1,0
588,1,US,yesno,fact,239,194,703,787,45,84,negative,negative,-1,-1,0,consistent,1,consistent,1,-1,-1,0
589,1,US,yesno,fact,270,207,869,1011,63,142,neutral,neutral,0,0,0,consistent,1,consistent,1,0,0,0
590,1,US,yesno,fact,251,109,451,1076,142,625,positive,negative,1,-1,2,consistent,1,consistent,1,-1,1,-2
591,1,US,yesno,fact,223,149,625,860,74,235,neutral,neutral,0,0,0,consistent,1,consistent,1,-1,0,-1
592,1,US,yesno,opinion,256,212,754,772,44,18,neutral,neutral,0,0,0,consistent,1,consistent,1,0,0,0
593,1,US,yesno,opinion,250,131,526,833,119,307,negative,negative,-1,-1,0,consistent,1,consistent,1,-1,-1,0
594,1,US,yesno,opinion,140,259,975,436,-119,-539,neutral,neutral,0,0,0,consistent,1,consistent,1,0,0,0
595,1,US,yesno,fact,131,146,564,446,-15,-118,neutral,neutral,0,0,0,consistent,1,consistent,1,0,0,0
596,1,US,statement,fact,164,134,562,580,30,18,neutral,neutral,0,0,0,consistent,1,consistent,1,0,0,0
597,1,US,statement,fact,23,23,67,64,0,-3,neutral,neutral,0,0,0,consistent,1,consistent,1,0,0,0
598,1,US,statement,opinion,123,136,580,500,-13,-80,negative,negative,-1,-1,0,consistent,1,consistent,1,-1,-1,0
599,1,US,yesno,opinion,181,104,443,663,77,220,neutral,positive,0,1,-1,consistent,1,consistent,1,0,1,-1
600,1,US,yesno,opinion,258,285,928,911,-27,-17,neutral,negative,0,-1,1,consistent,1,consistent,1,0,-1,1
601,1,US,statement,opinion,358,580,2078,1391,-222,-687,neutral,neutral,0,0,0,consistent,1,consistent,1,0,0,0
602,1,US,yesno,opinion,264,138,488,960,126,472,negative,neutral,-1,0,-1,consistent,1,consistent,1,-1,0,-1
603,1,US,yesno,fact,256,169,653,960,87,307,neutral,neutral,0,0,0,consistent,1,consistent,1,0,0,0
604,1,US,yesno,fact,255,288,1071,990,-33,-81,neutral,neutral,0,0,0,consistent,1,consistent,1,-1,0,-1
605,1,US,yesno,fact,251,126,507,1006,125,499,neutral,neutral,0,0,0,consistent,1,consistent,1,0,0,0
606,1,US,yesno,fact,205,94,393,710,111,317,negative,negative,-1,-1,0,consistent,1,consistent,1,-1,-1,0
607,1,US,yesno,opinion,262,240,860,952,22,92,neutral,neutral,0,0,0,consistent,1,consistent,1,0,0,0
608,1,US,yesno,fact,38,99,386,150,-61,-236,neutral,neutral,0,0,0,inconsistent,0,inconsistent,0,0,0,0
609,1,US,yesno,fact,107,57,178,353,50,175,neutral,neutral,0,0,0,consistent,1,consistent,1,0,0,0
610,1,US,yesno,opinion,251,180,565,933,71,368,neutral,neutral,0,0,0,consistent,1,consistent,1,0,0,0
611,1,US,yesno,fact,264,107,478,926,157,448,neutral,neutral,0,0,0,consistent,1,consistent,1,0,0,0
612,1,US,yesno,opinion,281,266,1079,994,15,-85,neutral,neutral,0,0,0,consistent,1,consistent,1,0,0,0
613,1,US,statement,opinion,382,258,992,1473,124,481,negative,negative,-1,-1,0,consistent,1,consistent,1,-1,-1,0
614,1,US,yesno,fact,149,158,586,552,-9,-34,neutral,neutral,0,0,0,consistent,1,consistent,1,1,1,0
615,1,US,yesno,opinion,111,102,367,380,9,13,negative,negative,-1,-1,0,consistent,1,consistent,1,0,-1,1
616,1,US,yesno,opinion,256,175,590,902,81,312,neutral,neutral,0,0,0,consistent,1,consistent,1,0,0,0
617,1,US,statement,opinion,408,470,1762,1644,-62,-118,neutral,neutral,0,0,0,consistent,1,consistent,1,0,0,0
618,1,US,yesno,opinion,222,161,607,839,61,232,neutral,neutral,0,0,0,consistent,1,consistent,1,0,0,0
619,1,US,statement,opinion,325,125,562,1282,200,720,positive,positive,1,1,0,consistent,1,consistent,1,1,1,0
620,1,US,statement,fact,192,202,576,578,-10,2,positive,positive,1,1,0,consistent,1,consistent,1,1,1,0
621,1,US,statement,fact,73,42,122,274,31,152,neutral,neutral,0,0,0,consistent,1,consistent,1,0,0,0
622,1,US,statement,fact,80,28,83,283,52,200,neutral,neutral,0,0,0,consistent,1,consistent,1,0,0,0
623,1,US,yesno,fact,268,280,1071,906,-12,-165,positive,neutral,1,0,1,consistent,1,consistent,1,0,0,0
624,1,US,yesno,fact,111,126,468,469,-15,1,negative,neutral,-1,0,-1,inconsistent,0,inconsistent,0,0,0,0
625,1,US,yesno,fact,163,141,510,575,22,65,neutral,neutral,0,0,0,consistent,1,consistent,1,0,0,0
626,1,US,yesno,opinion,276,173,612,958,103,346,neutral,neutral,0,0,0,consistent,1,consistent,1,0,0,0
627,1,US,yesno,opinion,193,131,481,716,62,235,neutral,neutral,0,0,0,consistent,1,consistent,1,0,0,0
628,1,US,yesno,opinion,288,160,713,1054,128,341,neutral,negative,0,-1,1,consistent,1,consistent,1,0,0,0
629,1,US,yesno,opinion,294,330,1119,963,-36,-156,neutral,neutral,0,0,0,consistent,1,consistent,1,-1,0,-1
630,1,US,yesno,opinion,180,246,802,691,-66,-111,neutral,neutral,0,0,0,consistent,1,consistent,1,0,0,0
631,1,US,yesno,opinion,268,232,828,839,36,11,neutral,neutral,0,0,0,consistent,1,consistent,1,0,0,0
632,1,US,yesno,opinion,246,305,1204,921,-59,-283,negative,negative,-1,-1,0,consistent,1,consistent,1,-1,-1,0
633,1,US,yesno,opinion,287,237,908,999,50,91,negative,negative,-1,-1,0,consistent,1,consistent,1,0,-1,1
634,1,US,yesno,opinion,264,264,881,862,0,-19,neutral,neutral,0,0,0,consistent,1,consistent,1,0,0,0
635,1,US,yesno,opinion,293,197,682,980,96,298,positive,positive,1,1,0,consistent,1,consistent,1,1,1,0
636,1,US,yesno,opinion,281,312,1068,873,-31,-195,neutral,negative,0,-1,1,consistent,1,consistent,1,-1,-1,0
637,1,US,yesno,opinion,263,324,1121,951,-61,-170,negative,negative,-1,-1,0,consistent,1,consistent,1,-1,-1,0
638,1,US,yesno,opinion,277,123,451,929,154,478,negative,negative,-1,-1,0,consistent,1,consistent,1,-1,-1,0
639,1,US,yesno,opinion,264,175,675,887,89,212,neutral,neutral,0,0,0,consistent,1,consistent,1,0,0,0
640,1,US,statement,fact,65,102,333,189,-37,-144,neutral,neutral,0,0,0,consistent,1,consistent,1,0,0,0
641,1,US,yesno,opinion,250,290,983,964,-40,-19,neutral,negative,0,-1,1,consistent,1,consistent,1,-1,-1,0
642,1,US,yesno,opinion,317,130,499,924,187,425,neutral,positive,0,1,-1,consistent,1,consistent,1,-1,1,-2
643,1,US,yesno,opinion,273,312,1144,1003,-39,-141,neutral,positive,0,1,-1,inconsistent,0,inconsistent,0,0,1,-1
644,1,US,yesno,opinion,264,279,1063,1036,-15,-27,positive,negative,1,-1,2,consistent,1,inconsistent,0,1,-1,2
645,1,US,yesno,opinion,289,136,432,931,153,499,neutral,neutral,0,0,0,consistent,1,consistent,1,-1,0,-1
646,1,US,yesno,fact,185,277,1077,601,-92,-476,neutral,neutral,0,0,0,consistent,1,consistent,1,0,0,0
647,1,US,yesno,opinion,273,284,1040,1073,-11,33,neutral,negative,0,-1,1,consistent,1,consistent,1,0,-1,1
648,1,US,yesno,fact,151,125,397,496,26,99,neutral,neutral,0,0,0,consistent,1,consistent,1,-1,0,-1
649,1,US,yesno,fact,151,263,803,465,-112,-338,neutral,neutral,0,0,0,consistent,1,consistent,1,0,0,0
650,1,US,yesno,opinion,269,183,650,997,86,347,neutral,neutral,0,0,0,consistent,1,consistent,1,0,0,0
651,1,US,yesno,opinion,270,200,739,874,70,135,neutral,neutral,0,0,0,consistent,1,consistent,1,0,0,0
652,1,US,statement,opinion,399,133,420,1451,266,1031,neutral,neutral,0,0,0,inconsistent,0,inconsistent,0,1,0,1
653,1,US,statement,opinion,557,625,2131,1965,-68,-166,negative,negative,-1,-1,0,consistent,1,consistent,1,-1,-1,0
654,1,US,yesno,opinion,158,140,496,491,18,-5,neutral,neutral,0,0,0,consistent,1,consistent,1,0,0,0
655,1,US,yesno,opinion,294,213,758,1067,81,309,neutral,neutral,0,0,0,consistent,1,consistent,1,0,0,0
656,1,US,statement,fact,198,549,1401,515,-351,-886,neutral,neutral,0,0,0,consistent,1,consistent,1,0,0,0
657,1,US,statement,fact,150,55,155,399,95,244,negative,neutral,-1,0,-1,consistent,1,consistent,1,-1,0,-1
658,1,US,statement,fact,168,171,507,485,-3,-22,neutral,neutral,0,0,0,consistent,1,consistent,1,0,0,0
659,1,US,statement,fact,326,168,583,947,158,364,neutral,neutral,0,0,0,consistent,1,consistent,1,0,0,0
660,1,US,statement,fact,122,78,267,396,44,129,neutral,neutral,0,0,0,inconsistent,0,inconsistent,0,0,0,0
661,1,US,statement,fact,76,69,237,261,7,24,neutral,neutral,0,0,0,consistent,1,consistent,1,0,0,0
662,1,US,statement,opinion,484,534,1957,1797,-50,-160,negative,negative,-1,-1,0,consistent,1,consistent,1,-1,-1,0
663,1,US,statement,opinion,381,472,1613,1267,-91,-346,negative,negative,-1,-1,0,consistent,1,consistent,1,-1,-1,0
664,1,US,yesno,fact,158,138,525,619,20,94,negative,neutral,-1,0,-1,consistent,1,consistent,1,-1,0,-1
665,1,US,yesno,opinion,204,140,524,691,64,167,negative,neutral,-1,0,-1,consistent,1,consistent,1,-1,0,-1
666,1,US,yesno,opinion,246,271,1064,948,-25,-116,neutral,negative,0,-1,1,consistent,1,consistent,1,0,-1,1
667,1,US,yesno,opinion,260,194,735,1020,66,285,neutral,neutral,0,0,0,consistent,1,consistent,1,0,0,0
668,1,US,yesno,fact,290,165,589,849,125,260,negative,negative,-1,-1,0,consistent,1,consistent,1,-1,-1,0
669,1,US,yesno,opinion,275,199,733,939,76,206,neutral,neutral,0,0,0,consistent,1,consistent,1,0,-1,1
670,1,US,yesno,fact,114,202,698,427,-88,-271,negative,negative,-1,-1,0,consistent,1,consistent,1,-1,-1,0
671,1,US,yesno,opinion,255,159,576,865,96,289,negative,negative,-1,-1,0,consistent,1,consistent,1,-1,-1,0
672,1,US,yesno,fact,157,100,396,604,57,208,negative,neutral,-1,0,-1,consistent,1,consistent,1,0,0,0
673,1,US,yesno,opinion,262,299,1057,873,-37,-184,negative,negative,-1,-1,0,consistent,1,consistent,1,-1,-1,0
674,1,US,yesno,fact,244,129,477,881,115,404,negative,negative,-1,-1,0,consistent,1,consistent,1,-1,-1,0
675,1,US,statement,opinion,378,459,1475,1276,-81,-199,negative,negative,-1,-1,0,consistent,1,consistent,1,-1,-1,0
676,1,US,yesno,opinion,273,317,1165,929,-44,-236,negative,negative,-1,-1,0,consistent,1,consistent,1,-1,-1,0
677,1,US,yesno,fact,226,119,455,811,107,356,negative,negative,-1,-1,0,consistent,1,consistent,1,-1,-1,0
678,1,US,statement,fact,394,219,670,1073,175,403,positive,positive,1,1,0,consistent,1,consistent,1,1,1,0
679,1,US,statement,opinion,381,245,851,1306,136,455,negative,negative,-1,-1,0,consistent,1,consistent,1,-1,0,-1
680,1,US,yesno,opinion,267,151,515,839,116,324,negative,neutral,-1,0,-1,consistent,1,consistent,1,-1,-1,0
681,1,US,yesno,opinion,142,146,553,431,-4,-122,negative,negative,-1,-1,0,consistent,1,consistent,1,-1,-1,0
682,1,US,yesno,opinion,232,154,581,757,78,176,negative,negative,-1,-1,0,consistent,1,consistent,1,0,0,0
683,1,US,statement,fact,148,47,164,491,101,327,neutral,negative,0,-1,1,consistent,1,consistent,1,0,-1,1
684,1,US,statement,opinion,418,217,575,1456,201,881,neutral,negative,0,-1,1,consistent,1,consistent,1,-1,-1,0
685,1,US,yesno,opinion,275,201,610,838,74,228,negative,neutral,-1,0,-1,consistent,1,consistent,1,-1,0,-1
686,1,US,yesno,fact,65,62,195,213,3,18,neutral,neutral,0,0,0,inconsistent,0,inconsistent,0,0,0,0
687,1,US,yesno,opinion,135,277,986,526,-142,-460,neutral,negative,0,-1,1,consistent,1,consistent,1,0,-1,1
688,1,US,statement,opinion,422,493,1748,1468,-71,-280,neutral,negative,0,-1,1,consistent,1,consistent,1,-1,-1,0
689,1,US,statement,fact,126,93,295,430,33,135,negative,neutral,-1,0,-1,consistent,1,consistent,1,-1,0,-1
690,1,US,statement,fact,101,131,380,294,-30,-86,negative,negative,-1,-1,0,consistent,1,consistent,1,-1,-1,0
691,1,US,statement,fact,218,91,264,522,127,258,neutral,neutral,0,0,0,consistent,1,consistent,1,0,0,0
692,1,US,yesno,fact,87,60,186,332,27,146,negative,negative,-1,-1,0,consistent,1,consistent,1,-1,-1,0
693,1,US,yesno,fact,95,51,153,364,44,211,negative,negative,-1,-1,0,consistent,1,consistent,1,-1,0,-1
694,1,US,yesno,fact,246,234,860,797,12,-63,negative,negative,-1,-1,0,consistent,1,consistent,1,-1,-1,0
695,1,US,yesno,opinion,239,293,1030,871,-54,-159,neutral,negative,0,-1,1,consistent,1,consistent,1,-1,-1,0
696,1,US,yesno,opinion,257,281,1047,939,-24,-108,neutral,neutral,0,0,0,consistent,1,consistent,1,0,0,0
697,1,US,yesno,opinion,250,314,1171,897,-64,-274,neutral,neutral,0,0,0,consistent,1,consistent,1,1,0,1
698,1,US,yesno,opinion,243,111,373,822,132,449,negative,neutral,-1,0,-1,consistent,1,consistent,1,-1,0,-1
699,1,US,statement,fact,239,268,990,813,-29,-177,negative,neutral,-1,0,-1,consistent,1,consistent,1,-1,-1,0
700,1,US,statement,fact,194,134,349,582,60,233,negative,neutral,-1,0,-1,consistent,1,consistent,1,-1,0,-1
701,1,US,yesno,opinion,269,151,451,816,118,365,neutral,neutral,0,0,0,consistent,1,consistent,1,0,0,0
702,1,US,yesno,fact,153,75,272,550,78,278,neutral,neutral,0,0,0,consistent,1,consistent,1,0,0,0
703,1,US,yesno,fact,168,104,428,610,64,182,negative,negative,-1,-1,0,consistent,1,consistent,1,-1,0,-1
704,1,US,yesno,fact,114,135,434,397,-21,-37,negative,negative,-1,-1,0,consistent,1,consistent,1,-1,-1,0
705,1,US,yesno,fact,212,104,440,670,108,230,neutral,neutral,0,0,0,consistent,1,inconsistent,0,0,0,0
706,1,US,yesno,opinion,264,111,378,1018,153,640,neutral,neutral,0,0,0,consistent,1,consistent,1,0,0,0
707,1,US,yesno,fact,159,141,498,610,18,112,neutral,neutral,0,0,0,consistent,1,consistent,1,0,0,0
708,1,US,yesno,fact,168,163,547,569,5,22,negative,negative,-1,-1,0,consistent,1,consistent,1,-1,-1,0
709,1,US,statement,fact,315,40,201,1116,275,915,neutral,neutral,0,0,0,consistent,1,consistent,1,-1,0,-1
710,1,US,yesno,fact,268,169,532,931,99,399,neutral,neutral,0,0,0,consistent,1,consistent,1,0,0,0
711,1,US,yesno,fact,174,162,590,535,12,-55,negative,neutral,-1,0,-1,consistent,1,consistent,1,-1,0,-1
712,1,US,yesno,opinion,277,313,1121,991,-36,-130,negative,negative,-1,-1,0,consistent,1,consistent,1,-1,-1,0
713,1,US,yesno,fact,268,155,468,867,113,399,neutral,negative,0,-1,1,consistent,1,consistent,1,-1,0,-1
714,1,US,statement,fact,257,289,926,936,-32,10,negative,negative,-1,-1,0,consistent,1,consistent,1,-1,-1,0
715,1,US,yesno,fact,184,116,443,616,68,173,negative,negative,-1,-1,0,consistent,1,consistent,1,-1,-1,0
716,1,US,yesno,opinion,254,258,980,950,-4,-30,positive,neutral,1,0,1,consistent,1,inconsistent,0,0,0,0
717,1,US,yesno,opinion,127,68,235,378,59,143,negative,negative,-1,-1,0,consistent,1,consistent,1,0,0,0